"record_id","paper_id","priority","gene_model","genotype","age_days","sex","assay","metric","value","unit","statistic","uncertainty_type","uncertainty","sample_size","sample_unit","unit_of_analysis","figure_table","doi_pmid","assay_transfer_to_flygym","allocation","decision","root_id_mapping_decision","reviewer","review_date","provenance","notes"
"pokrzywa_alpha_speed_day21","pokrzywa_2017_alpha_syn_flytracker","calibration_candidate","human_alpha_synuclein","w; +; UAS-Hsap/nSyb-Gal4","21","female","FlyTracker locomotion tracking in vials","mean_planar_speed_mm_s","2.5","mm/s","mean","SE","","3-10","independent_vial","vial; 10 female flies/vial; two sequences averaged per vial","Figure 2A; Results","10.1371/journal.pone.0184117","TRANSFER_REVIEW_REQUIRED","calibration_candidate","PENDING_HUMAN_SIGNOFF","WAITING_REVIEWED_ROOT_ID_MAPPING; pan-neuronal nSyb-GAL4 is not a reviewed root-ID set","Tuan Le","2026-08-30","PDF methods report 10 flies/vial and 3-10 independent vials; results report days 1/7/16/21/30/42 and mean velocity drop 5.6 to 2.5 mm/s; Figure 2 legend says mean values and +/- SE","Do not approve until numeric SE is extracted and unit-of-analysis policy is accepted. Do not coerce 3-10 vials into fly count."
"pokrzywa_control_speed_day21","pokrzywa_2017_alpha_syn_flytracker","paired_control_for_calibration_candidate","control_for_alpha_synuclein","w; +; UAS-Hsap/+","21","female","FlyTracker locomotion tracking in vials","mean_planar_speed_mm_s","5.0","mm/s","mean","SE","","3-10","independent_vial","vial; 10 female flies/vial; two sequences averaged per vial","Figure 2A; Results","10.1371/journal.pone.0184117","TRANSFER_REVIEW_REQUIRED","calibration_support_candidate","PENDING_HUMAN_SIGNOFF","CONTROL_NO_GENE_SPECIFIC_ROOT_ID","Tuan Le","2026-08-30","Same within-paper control; PDF results report control mean velocity 6 to 5 mm/s within first 3 weeks.","Needed for delta_lit but still lacks numeric SE and exact unit-of-analysis approval."
"pozo_pink1_distance_day28","pozo_2022_pink1_serotonin","holdout_candidate","pink1","Pink1B9","28","not_reported_in_extracted_section","Open-field locomotor tracking","distance_traveled_mm","62.091","mm","paper_reported_center","IQR_with_min_max_ranges_reported","61.288","21","fly","fly","Figure 3B","10.3390/cells11091544; PMID:35563850","TRANSFER_REVIEW_REQUIRED","holdout_candidate","PENDING_HUMAN_SIGNOFF","MODEL_SCOPE_NOT_CELL_SPECIFIC; organism-level Pink1B9 mutant","Tuan Le","2026-08-30","PDF Figure 3 caption reports n=20/28/21/23 and data as interquartile range with maximum/minimum ranges; results report Pink1B9 distance 62.091 +/- 61.288 mm vs control 323.326 +/- 236.209.","Good holdout candidate only if distance_traveled_mm/path-length endpoint and spread policy are approved. Do not force into speed."
"pozo_control_distance_day28","pozo_2022_pink1_serotonin","paired_control_for_holdout_candidate","control_for_pink1","w1118","28","not_reported_in_extracted_section","Open-field locomotor tracking","distance_traveled_mm","323.326","mm","paper_reported_center","IQR_with_min_max_ranges_reported","236.209","20","fly","fly","Figure 3B","10.3390/cells11091544; PMID:35563850","TRANSFER_REVIEW_REQUIRED","holdout_support_candidate","PENDING_HUMAN_SIGNOFF","CONTROL_NO_GENE_SPECIFIC_ROOT_ID","Tuan Le","2026-08-30","Same Pozo Figure 3B control cohort; PDF reports control distance 323.326 +/- 236.209 mm.","Needed for delta_lit if Pozo distance becomes holdout."
"pozo_pink1_activity_time_day28","pozo_2022_pink1_serotonin","validation_context","pink1","Pink1B9","28","not_reported_in_extracted_section","Open-field locomotor tracking","activity_time_s","11.865","s","paper_reported_center","IQR_with_min_max_ranges_reported","12.914","21","fly","fly","Figure 3C","10.3390/cells11091544; PMID:35563850","NOT_COMPARABLE_AS_SPEED","","NOT_COMPARABLE","MODEL_SCOPE_NOT_CELL_SPECIFIC","Tuan Le","2026-08-30","PDF reports Pink1B9 activity time 11.865 +/- 12.914 s vs control 51.894 +/- 32.409 s.","Do not convert to speed or pause fraction without a separate approved mapping rule."
"riemensperger_speed_day5","riemensperger_2011_dopamine_deficiency","pending_median_candidate","dopamine_deficiency","DTHgFS+/-; ple","2-5","female","Spontaneous walking in open arena; individual flight-disabled flies; 15 min","median_planar_speed_mm_s","7.8","mm/s","median","","","13","fly","fly","Figure 2A; Results","10.1073/pnas.1010930108; PMID:21187381","TRANSFER_REVIEW_REQUIRED","","PENDING_HUMAN_SIGNOFF","CLASS_LEVEL_EXPLORATORY_ONLY; NOT_GENE_SPECIFIC","Tuan Le","2026-08-30","PDF reports DTHgFS+/-; ple walking speed median 7.8 mm/s, DTHg;ple 10.8, WT 15; methods report 2- to 5-day-old adults walking 15 min in open arena.","Keep pending. Do not approve as mean speed; no numeric compatible spread in target schema."
"riemensperger_distance_day5","riemensperger_2011_dopamine_deficiency","pending_median_candidate","dopamine_deficiency","DTHgFS+/-; ple","2-5","female","Spontaneous walking in open arena; individual flight-disabled flies; 15 min","median_distance_covered_cm_15min","193","cm/15min","median","","","13","fly","fly","Figure 2A; Results","10.1073/pnas.1010930108; PMID:21187381","TRANSFER_REVIEW_REQUIRED","","PENDING_HUMAN_SIGNOFF","CLASS_LEVEL_EXPLORATORY_ONLY; NOT_GENE_SPECIFIC","Tuan Le","2026-08-30","PDF reports DTHgFS+/-; ple median distance 193 cm vs DTHg;ple 425 cm and WT 474 cm over 15 min.","Useful as distance phenotype but not directly supported by current target schema."
"hwang_dj1_climbing_day5","hwang_2013_dj1_dlp","validation_only","dj1","DJ-1betaex54","5","male","Negative geotaxis climbing assay","climbing_score","","percent","mean","SE","","12","independent_test_or_group_minimum","10 male flies/test; ten trials per group; repeated at least 10 times","Figure 5E; Methods climbing assay","10.1371/journal.pgen.1003412; PMID:23593018","VALIDATION_ONLY","","VALIDATION_ONLY","NOT_MAPPABLE_FROM_PAPER; DO_NOT_INFER_ROOT_IDS","Tuan Le","2026-08-30","PDF caption: 5-day-old flies, n>=12, mean +/- s.e.; methods: 10 male flies, top of vial within 4 s, ten trials, repeated at least 10 times.","No current climbing endpoint; do not use as speed calibration."
"godena_lrrk2_r1441c_climbing","godena_2014_lrrk2_microtubule","validation_only","lrrk2","D42-GAL4 > human LRRK2-R1441C","6-7","not_reported","Climbing and flight assay; D42-GAL4 motor-neuron expression","climbing_score","","study_specific_score","mean","SEM","","43","animal","animal","Figure 6C; Supplementary Figure 3C","10.1038/ncomms6245","VALIDATION_ONLY","","VALIDATION_ONLY","NOT_MAPPABLE_TO_CURRENT_CONNECTOME; REQUIRES_BRAIN_VNC_SCOPE_REVIEW","Tuan Le","2026-08-30","PDF reports mutant LRRK2 caused decreased climbing/flight; Fig 6C right chart R1441C Ctrl N=43; methods report animals 6-7 days old after treatment protocol.","Strong biological evidence, but no approved climbing/flight endpoint and VNC root-ID provenance."
"godena_lrrk2_y1699c_climbing","godena_2014_lrrk2_microtubule","validation_only","lrrk2","D42-GAL4 > human LRRK2-Y1699C","6-7","not_reported","Climbing and flight assay; D42-GAL4 motor-neuron expression","climbing_score","","study_specific_score","mean","SEM","","59","animal","animal","Figure 6C; Supplementary Figure 3C","10.1038/ncomms6245","VALIDATION_ONLY","","VALIDATION_ONLY","NOT_MAPPABLE_TO_CURRENT_CONNECTOME; REQUIRES_BRAIN_VNC_SCOPE_REVIEW","Tuan Le","2026-08-30","PDF reports mutant LRRK2 caused decreased climbing/flight; Fig 6C left chart Y1699C Ctrl N=59; methods report animals 6-7 days old after treatment protocol.","Strong biological evidence, but no approved climbing/flight endpoint and VNC root-ID provenance."
"dumitrescu_parkin_activity_day1","dumitrescu_2023_parkin_rnai","not_comparable_for_speed","parkin","UAS-mCD8-GFP; TH-GAL4/UAS-parkin-RNAi","1","male","Drosophila Activity Monitor infrared beam-break counts","DAM_activity","30","percent_reduction_vs_age_matched_control","relative_difference","","","29","fly","fly","Figure 1; existing fulltext fallback","10.1021/acschemneuro.2c00277; PMID:36576890","NOT_COMPARABLE","","NOT_COMPARABLE","WAITING_REVIEWED_ROOT_ID_MAPPING; TH-GAL4 class not gene-specific root-ID set","Tuan Le","2026-08-30","Main behavior value from prior reviewed full-text fallback; uploaded supplemental file is methods/supporting information only.","Do not use for speed calibration."
"dumitrescu_parkin_activity_day45","dumitrescu_2023_parkin_rnai","not_comparable_for_speed","parkin","UAS-mCD8-GFP; TH-GAL4/UAS-parkin-RNAi","45","male","Drosophila Activity Monitor infrared beam-break counts","DAM_activity","85","percent_reduction_vs_age_matched_control","relative_difference","","","52","fly","fly","Figure 1; existing fulltext fallback","10.1021/acschemneuro.2c00277; PMID:36576890","NOT_COMPARABLE","","NOT_COMPARABLE","WAITING_REVIEWED_ROOT_ID_MAPPING; TH-GAL4 class not gene-specific root-ID set","Tuan Le","2026-08-30","Main behavior value from prior reviewed full-text fallback; uploaded supplemental file is methods/supporting information only.","Do not use for speed calibration."
"aggarwal_2019_assay_method","aggarwal_2019_pd_locomotor_assay","method_context_only","parkin_or_pink1_heterozygous_context","heterozygous PD-model mutants described in paper","","not_reviewed_for_target","Automated climbing behavior assay","climbing_behavior_parameters","","study_specific","","","","","","","not_target","not_recorded","METHOD_CONTEXT_ONLY","","VALIDATION_ONLY","NOT_MAPPABLE_FROM_ASSAY_METHOD","Tuan Le","2026-08-30","PDF abstract describes a high-parametric-resolution climbing assay for PD-model heterozygous mutants.","Useful for future climbing-assay design, not current speed/distance calibration."
"cha_2005_parkin_locomotion","cha_2005_parkin_jnk_dopaminergic","biological_context_only","parkin","parkin loss-of-function mutant","","not_reviewed_for_target","Locomotion/behavioral defect reported","locomotor_impairment","","qualitative","","","","","","","not_target","not_recorded","VALIDATION_ONLY","","VALIDATION_ONLY","WAITING_REVIEWED_ROOT_ID_MAPPING; dopaminergic neuron claim not a reviewed FlyWire root-ID set","Tuan Le","2026-08-30","PDF abstract reports parkin loss-of-function mutants have impaired locomotion and dopaminergic neuron phenotype partially restored by L-DOPA.","No numeric target extracted in this task."
"haywood_2004_parkin_alpha_syn_climbing","haywood_2004_parkin_alpha_synuclein_climbing","validation_only","alpha_synuclein_parkin_interaction","human alpha-synuclein with parkin co-expression context","","not_reviewed_for_target","Climbing ability","climbing_score","","study_specific","","","","","","","not_target","not_recorded","VALIDATION_ONLY","","VALIDATION_ONLY","NOT_MAPPABLE_FROM_PAPER","Tuan Le","2026-08-30","PDF abstract reports parkin co-expression suppresses alpha-synuclein-induced premature loss of climbing ability.","Rescue/interaction context; not current calibration target."
"liu_2008_lrrk2_locomotor_dysfunction","liu_2008_lrrk2_parkinsonism","validation_only","lrrk2","neuronal human LRRK2 or LRRK2-G2019S expression","","not_reviewed_for_target","Locomotor dysfunction / climbing context","locomotor_impairment","","qualitative","","","","","","","not_target","not_recorded","VALIDATION_ONLY","","VALIDATION_ONLY","WAITING_REVIEWED_ROOT_ID_MAPPING","Tuan Le","2026-08-30","PDF abstract reports neuronal LRRK2/LRRK2-G2019S expression produced adult-onset DA neuron loss, locomotor dysfunction, and early mortality; L-DOPA improved impairment.","Useful LRRK2 validation context; no numeric target extracted."
"poddighe_2014_pink1b9_climbing","poddighe_2014_pink1b9_climbing","validation_only","pink1","PINK1B9","3-6;10-15;20-25","not_reviewed_for_target","Climbing behavior","climbing_score","","study_specific","","","","","","","not_target","not_recorded","VALIDATION_ONLY","","VALIDATION_ONLY","MODEL_SCOPE_NOT_CELL_SPECIFIC","Tuan Le","2026-08-30","PDF abstract reports PINK1B9 flies assayed at 3-6, 10-15, and 20-25 days; Mucuna pruriens improved climbing behavior of all ages.","Strong age-bin validation context for future climbing endpoint, not current speed/distance calibration."
"riemensperger_2013_alpha_syn_progression","riemensperger_2013_alpha_synuclein_progression","validation_only","human_alpha_synuclein","alpha-synuclein expression in Drosophila neurons","","not_reviewed_for_target","Negative geotaxis / progressive locomotor deficits","climbing_impairment","","qualitative","","","","","","","not_target","not_recorded","VALIDATION_ONLY","","VALIDATION_ONLY","WAITING_REVIEWED_ROOT_ID_MAPPING; specific 15-neuron pathway is not yet encoded as approved intervention mapping","Tuan Le","2026-08-30","PDF abstract reports alpha-synuclein expression induces progressive locomotor deficits and identifies a dopaminergic pathway linked to climbing impairments.","Useful pathway/validation context; no numeric calibration target extracted."
"neuromechfly_v2_2024_methods","neuromechfly_v2_2024","simulation_method_context_only","simulation_framework","","","","Neuromechanical simulation framework","not_literature_phenotype_target","","","","","","","","","","10.1038/s41592-024-02497-y","METHOD_CONTEXT_ONLY","","NOT_A_CALIBRATION_TARGET","NOT_APPLICABLE","Tuan Le","2026-08-30","PDF abstract describes NeuroMechFly v2 simulation framework enabling vision, olfaction, ascending feedback, terrains, and leg adhesion.","Framework reference only."
"pugliese_2025_cpg_preprint_methods","pugliese_2025_fly_cpg_preprint","simulation_method_context_only","walking_cpg_circuit","","","","Connectome simulation / CPG circuit identification","not_literature_phenotype_target","","","","","","","","","","not_recorded","METHOD_CONTEXT_ONLY","","NOT_A_CALIBRATION_TARGET","NOT_APPLICABLE","Tuan Le","2026-08-30","PDF abstract describes dynamic simulations of Drosophila VNC connectomes identifying putative CPG circuitry for walking.","Mechanistic/simulation context only."
"liessem_2026_dopameander_walking_direction","liessem_2026_walking_direction_dopamine","post_cutoff_context_only","dopaminergic_walking_direction_control","DopaMeander/MDN neural manipulation context","","not_reviewed_for_target","Walking direction / neural control","walking_direction","","","","","","","","","","10.1016/j.cub.2026.06.045","METHOD_CONTEXT_ONLY","","NOT_A_CALIBRATION_TARGET","PENDING_SOURCE_REVIEW","Tuan Le","2026-08-30","PDF summary/highlights describe DopaMeander promotes forward walking and ipsiversive turning; not a PD phenotype target.","Current/publication-status context only; not used for target approval."
"expanded_001_pokrzywa_2017_alpha_syn_flytracker","pokrzywa_2017_alpha_syn_flytracker","calibration_candidate","human_alpha_synuclein","not_extracted_in_expanded_survey_schema","21","female","FlyTracker locomotion tracking in vials","mean_planar_speed_mm_s","2.5","mm/s","mean","SE","","3-10 independent vials","independent_vial","independent_vial","see_expanded_survey_source_record","10.1371/journal.pone.0184117","TRANSFER_REVIEW_REQUIRED","calibration_candidate","PENDING_HUMAN_SIGNOFF","NOT_ASSESSED_IN_EXPANDED_SURVEY","Tuan Le","2026-08-30","https://journals.plos.org/plosone/article?id=10.1371/journal.pone.0184117","Figure 2A reports mean velocity and plus/minus SE; S6 contains p-values but no numeric SE for the day-21 bar. Exact independent-vial count at day 21 is not available. Do not infer SE from pixels or coerce 3-10 vials into fly count. Public S6 supplementary PDF reviewed."
"expanded_002_pokrzywa_2017_alpha_syn_control","pokrzywa_2017_alpha_syn_control","calibration_support","control","not_extracted_in_expanded_survey_schema","21","female","FlyTracker locomotion tracking in vials","mean_planar_speed_mm_s","5.0","mm/s","mean","SE","","3-10 independent vials","independent_vial","independent_vial","see_expanded_survey_source_record","10.1371/journal.pone.0184117","TRANSFER_REVIEW_REQUIRED","calibration_support","PENDING_HUMAN_SIGNOFF","NOT_ASSESSED_IN_EXPANDED_SURVEY","Tuan Le","2026-08-30","https://journals.plos.org/plosone/article?id=10.1371/journal.pone.0184117","Paired control value described in the Results; numeric SE and exact day-21 unit of analysis remain unavailable. Control row is retained for within-paper context and is not an approved target."
"expanded_003_pozo_2022_pink1_distance","pozo_2022_pink1_distance","holdout_candidate","pink1","not_extracted_in_expanded_survey_schema","28","not_reported_in_extracted_section","Open-field locomotor tracking","distance_traveled_mm","62.091","mm","not_reported","IQR_with_min_max_ranges_reported","61.288","21","fly","fly","see_expanded_survey_source_record","10.3390/cells11091544; PMID:35563850","TRANSFER_REVIEW_REQUIRED","holdout_candidate","PENDING_HUMAN_SIGNOFF","NOT_ASSESSED_IN_EXPANDED_SURVEY","Tuan Le","2026-08-30","https://www.mdpi.com/2073-4409/11/9/1544","Figure 3B reports a center with interquartile range and maximum/minimum ranges. Distance must not be converted to speed. Potential holdout only after explicit distance-endpoint and assay-transfer signoff."
"expanded_004_pozo_2022_pink1_control_distance","pozo_2022_pink1_control_distance","holdout_support","control_for_pink1","not_extracted_in_expanded_survey_schema","28","not_reported_in_extracted_section","Open-field locomotor tracking","distance_traveled_mm","323.326","mm","not_reported","IQR_with_min_max_ranges_reported","236.209","20","fly","fly","see_expanded_survey_source_record","10.3390/cells11091544; PMID:35563850","NOT_COMPARABLE","holdout_support","CONTEXT_ONLY","NOT_ASSESSED_IN_EXPANDED_SURVEY","Tuan Le","2026-08-30","https://www.mdpi.com/2073-4409/11/9/1544","Control cohort for the Pink1B9 distance comparison; retained to define the paired contrast. Not a standalone target."
"expanded_005_riemensperger_2011_dopamine_deficiency","riemensperger_2011_dopamine_deficiency","none","dopamine_deficiency","not_extracted_in_expanded_survey_schema","2-5","female","Spontaneous walking in an open arena","median_planar_speed_mm_s","7.8","mm/s","median","NOT_REPORTED","","13","fly","fly","see_expanded_survey_source_record","10.1073/pnas.1010930108; PMID:21187381","TRANSFER_REVIEW_REQUIRED","none","PENDING_HUMAN_SIGNOFF","NOT_ASSESSED_IN_EXPANDED_SURVEY","Tuan Le","2026-08-30","https://pmc.ncbi.nlm.nih.gov/articles/PMC3048124/","The paper reports a median speed but no compatible numeric IQR or range in the reviewed material. Median cannot be relabeled as mean. Dopamine deficiency is class-level context, not a gene-specific root-ID mapping."
"expanded_006_hwang_2013_dj1_climbing","hwang_2013_dj1_climbing","none","dj1","not_extracted_in_expanded_survey_schema","5","male","Negative geotaxis climbing assay","climbing_score","","percent","mean","SE","","12","fly","fly","see_expanded_survey_source_record","10.1371/journal.pgen.1003412; PMID:23593018","VALIDATION_ONLY","none","VALIDATION_ONLY","NOT_ASSESSED_IN_EXPANDED_SURVEY","Tuan Le","2026-08-30","https://journals.plos.org/plosgenetics/article?id=10.1371/journal.pgen.1003412","Figure 5E reports mean plus/minus s.e. and n at least 12, but the exact bar center is not available as a machine-readable value and climbing is not an implemented FlyGym endpoint. Do not convert climbing score to walking speed."
"expanded_007_godena_2014_lrrk2_r1441c_climbing","godena_2014_lrrk2_r1441c_climbing","none","lrrk2","not_extracted_in_expanded_survey_schema","6-7","not_reported","Climbing and flight assay","climbing_score","","study_specific_score","mean","SEM","","43","animal","not_reported","see_expanded_survey_source_record","10.1038/ncomms6245","VALIDATION_ONLY","none","VALIDATION_ONLY","NOT_ASSESSED_IN_EXPANDED_SURVEY","Tuan Le","2026-08-30","https://www.nature.com/articles/ncomms6245","LRRK2-R1441C motor-neuron expression is associated with reduced climbing/flight; current repository has no approved climbing endpoint or VNC root-ID scope. Retain as validation evidence only."
"expanded_008_godena_2014_lrrk2_y1699c_climbing","godena_2014_lrrk2_y1699c_climbing","none","lrrk2","not_extracted_in_expanded_survey_schema","6-7","not_reported","Climbing and flight assay","climbing_score","","study_specific_score","mean","SEM","","59","animal","not_reported","see_expanded_survey_source_record","10.1038/ncomms6245","VALIDATION_ONLY","none","VALIDATION_ONLY","NOT_ASSESSED_IN_EXPANDED_SURVEY","Tuan Le","2026-08-30","https://www.nature.com/articles/ncomms6245","LRRK2-Y1699C motor-neuron expression is associated with reduced climbing/flight; current repository has no approved climbing endpoint or VNC root-ID scope. Retain as validation evidence only."
"expanded_009_dumitrescu_2023_parkin_activity_day1","dumitrescu_2023_parkin_activity_day1","none","parkin","not_extracted_in_expanded_survey_schema","1","male","Drosophila Activity Monitor infrared beam-break","DAM_activity","30","percent_reduction_vs_control","not_reported","NOT_REPORTED","","29","fly","fly","see_expanded_survey_source_record","10.1021/acschemneuro.2c00277; PMID:36576890","NOT_COMPARABLE","none","NOT_COMPARABLE","NOT_ASSESSED_IN_EXPANDED_SURVEY","Tuan Le","2026-08-30","https://pubmed.ncbi.nlm.nih.gov/36576890/","DAM beam-break activity is not planar walking speed and cannot be converted without an approved transfer model. Retain as age-dependent activity context."
"expanded_010_dumitrescu_2023_parkin_activity_day45","dumitrescu_2023_parkin_activity_day45","none","parkin","not_extracted_in_expanded_survey_schema","45","male","Drosophila Activity Monitor infrared beam-break","DAM_activity","85","percent_reduction_vs_control","not_reported","NOT_REPORTED","","52","fly","fly","see_expanded_survey_source_record","10.1021/acschemneuro.2c00277; PMID:36576890","NOT_COMPARABLE","none","NOT_COMPARABLE","NOT_ASSESSED_IN_EXPANDED_SURVEY","Tuan Le","2026-08-30","https://pubmed.ncbi.nlm.nih.gov/36576890/","DAM beam-break activity is not planar walking speed and cannot be converted without an approved transfer model. Retain as age-dependent activity context."
"expanded_011_chen_2014_asyn_a30p_day15","chen_2014_asyn_a30p_day15","calibration_candidate","human_alpha_synuclein","not_extracted_in_expanded_survey_schema","15","male","Horizontal open-field walking tracked at 17 fps","mean_walking_velocity_cm_s","","cm/s","mean","CI95","","23","fly","fly","see_expanded_survey_source_record","10.1111/gbb.12172; PMID:25113870","TRANSFER_REVIEW_REQUIRED","calibration_candidate","PENDING_HUMAN_SIGNOFF","NOT_ASSESSED_IN_EXPANDED_SURVEY","Tuan Le","2026-08-30","https://pmc.ncbi.nlm.nih.gov/articles/PMC4262005/","Figure 4 contains quantitative walking velocity and reports mean plus/minus 95 percent confidence interval, but exact bar values are figure-only and have not been digitized and second-reviewed. Potentially strong adult walking candidate. Do not enter a numeric value or convert cm/s until documented digitization and unit-transfer review."
"expanded_012_chen_2014_asyn_a30p_day30","chen_2014_asyn_a30p_day30","calibration_candidate","human_alpha_synuclein","not_extracted_in_expanded_survey_schema","30","male","Horizontal open-field walking tracked at 17 fps","mean_walking_velocity_cm_s","","cm/s","mean","CI95","","20","fly","fly","see_expanded_survey_source_record","10.1111/gbb.12172; PMID:25113870","TRANSFER_REVIEW_REQUIRED","calibration_candidate","PENDING_HUMAN_SIGNOFF","NOT_ASSESSED_IN_EXPANDED_SURVEY","Tuan Le","2026-08-30","https://pmc.ncbi.nlm.nih.gov/articles/PMC4262005/","Figure 4 contains quantitative walking velocity and reports mean plus/minus 95 percent confidence interval, but exact bar values are figure-only and have not been digitized and second-reviewed. Old A30P phenotype is relevant to walking, but no numeric target is entered without reviewed digitization."
"expanded_013_chen_2014_control_day15","chen_2014_control_day15","calibration_support","control","not_extracted_in_expanded_survey_schema","15","male","Horizontal open-field walking tracked at 17 fps","mean_walking_velocity_cm_s","","cm/s","mean","CI95","","23","fly","fly","see_expanded_survey_source_record","10.1111/gbb.12172; PMID:25113870","NOT_COMPARABLE","calibration_support","CONTEXT_ONLY","NOT_ASSESSED_IN_EXPANDED_SURVEY","Tuan Le","2026-08-30","https://pmc.ncbi.nlm.nih.gov/articles/PMC4262005/","Age-matched control panel for the A30P comparison; exact figure values require reviewed digitization. Context only."
"expanded_014_chen_2014_control_day30","chen_2014_control_day30","calibration_support","control","not_extracted_in_expanded_survey_schema","30","male","Horizontal open-field walking tracked at 17 fps","mean_walking_velocity_cm_s","","cm/s","mean","CI95","","20","fly","fly","see_expanded_survey_source_record","10.1111/gbb.12172; PMID:25113870","NOT_COMPARABLE","calibration_support","CONTEXT_ONLY","NOT_ASSESSED_IN_EXPANDED_SURVEY","Tuan Le","2026-08-30","https://pubmed.ncbi.nlm.nih.gov/25113870/","Age-matched control panel for the A30P comparison; exact figure values require reviewed digitization. Context only."
"expanded_015_aggarwal_2019_pink1rv_male","aggarwal_2019_pink1rv_male","none","pink1","not_extracted_in_expanded_survey_schema","not_reported","male","Automated vertical climbing assay","climbing_speed_blu_s","5.16971156","BLU/s","mean","SEM","0.488579077","18","fly","fly","see_expanded_survey_source_record","10.1073/pnas.1807456116; PMID:31748267","VALIDATION_ONLY","none","VALIDATION_ONLY","NOT_ASSESSED_IN_EXPANDED_SURVEY","Tuan Le","2026-08-30","https://pmc.ncbi.nlm.nih.gov/articles/PMC6900508/","Numeric mean and SEM are available in supplementary sd02, but BLU/s is an assay-specific climbing unit and not the current FlyGym planar-speed endpoint. Do not convert BLU/s to mm/s."
"expanded_016_aggarwal_2019_pink1rv_female","aggarwal_2019_pink1rv_female","none","pink1","not_extracted_in_expanded_survey_schema","not_reported","female","Automated vertical climbing assay","climbing_speed_blu_s","3.830586759","BLU/s","mean","SEM","0.513135727","22","fly","fly","see_expanded_survey_source_record","10.1073/pnas.1807456116; PMID:31748267","VALIDATION_ONLY","none","VALIDATION_ONLY","NOT_ASSESSED_IN_EXPANDED_SURVEY","Tuan Le","2026-08-30","https://pmc.ncbi.nlm.nih.gov/articles/PMC6900508/","Numeric mean and SEM are available in supplementary sd02, but BLU/s is an assay-specific climbing unit and not the current FlyGym planar-speed endpoint. Do not convert BLU/s to mm/s."
"expanded_017_aggarwal_2019_park25_lrrkex1_male","aggarwal_2019_park25_lrrkex1_male","none","parkin_lrrk2","not_extracted_in_expanded_survey_schema","not_reported","male","Automated vertical climbing assay","climbing_speed_blu_s","3.527946867","BLU/s","mean","SEM","0.526675684","13","fly","fly","see_expanded_survey_source_record","10.1073/pnas.1807456116; PMID:31748267","VALIDATION_ONLY","none","VALIDATION_ONLY","NOT_ASSESSED_IN_EXPANDED_SURVEY","Tuan Le","2026-08-30","https://pmc.ncbi.nlm.nih.gov/articles/PMC6900508/","Exact supplementary mean and SEM are available, but the assay is vertical climbing and the unit is BLU/s. Compound genotype is not a single-gene calibration target."
"expanded_018_aggarwal_2019_park25_lrrkex1_female","aggarwal_2019_park25_lrrkex1_female","none","parkin_lrrk2","not_extracted_in_expanded_survey_schema","not_reported","female","Automated vertical climbing assay","climbing_speed_blu_s","2.563034428","BLU/s","mean","SEM","0.239821259","19","fly","fly","see_expanded_survey_source_record","10.1073/pnas.1807456116; PMID:31748267","VALIDATION_ONLY","none","VALIDATION_ONLY","NOT_ASSESSED_IN_EXPANDED_SURVEY","Tuan Le","2026-08-30","https://pmc.ncbi.nlm.nih.gov/articles/PMC6900508/","Exact supplementary mean and SEM are available, but the assay is vertical climbing and the unit is BLU/s. Compound genotype is not a single-gene calibration target."
"expanded_019_aggarwal_2019_park25_w1118_male","aggarwal_2019_park25_w1118_male","none","parkin","not_extracted_in_expanded_survey_schema","not_reported","male","Automated vertical climbing assay","climbing_speed_blu_s","5.776343262","BLU/s","mean","SEM","0.571443355","16","fly","fly","see_expanded_survey_source_record","10.1073/pnas.1807456116; PMID:31748267","VALIDATION_ONLY","none","VALIDATION_ONLY","NOT_ASSESSED_IN_EXPANDED_SURVEY","Tuan Le","2026-08-30","https://pmc.ncbi.nlm.nih.gov/articles/PMC6900508/","Exact supplementary mean and SEM are available, but the assay is vertical climbing and the unit is BLU/s. This is a genotype/control context row, not an approved target."
"expanded_020_aggarwal_2019_park25_w1118_female","aggarwal_2019_park25_w1118_female","none","parkin","not_extracted_in_expanded_survey_schema","not_reported","female","Automated vertical climbing assay","climbing_speed_blu_s","4.87022503","BLU/s","mean","SEM","0.511864368","16","fly","fly","see_expanded_survey_source_record","10.1073/pnas.1807456116; PMID:31748267","VALIDATION_ONLY","none","VALIDATION_ONLY","NOT_ASSESSED_IN_EXPANDED_SURVEY","Tuan Le","2026-08-30","https://pmc.ncbi.nlm.nih.gov/articles/PMC6900508/","Exact supplementary mean and SEM are available, but the assay is vertical climbing and the unit is BLU/s. This is a genotype/control context row, not an approved target."
"expanded_021_aggarwal_2019_lrrkex1_w1118_male","aggarwal_2019_lrrkex1_w1118_male","none","lrrk2","not_extracted_in_expanded_survey_schema","not_reported","male","Automated vertical climbing assay","climbing_speed_blu_s","3.985477636","BLU/s","mean","SEM","0.429876426","16","fly","fly","see_expanded_survey_source_record","10.1073/pnas.1807456116; PMID:31748267","VALIDATION_ONLY","none","VALIDATION_ONLY","NOT_ASSESSED_IN_EXPANDED_SURVEY","Tuan Le","2026-08-30","https://pmc.ncbi.nlm.nih.gov/articles/PMC6900508/","Exact supplementary mean and SEM are available, but the assay is vertical climbing and the unit is BLU/s. Do not infer a planar walking endpoint."
"expanded_022_aggarwal_2019_lrrkex1_w1118_female","aggarwal_2019_lrrkex1_w1118_female","none","lrrk2","not_extracted_in_expanded_survey_schema","not_reported","female","Automated vertical climbing assay","climbing_speed_blu_s","4.786291565","BLU/s","mean","SEM","1.882396102","18","fly","fly","see_expanded_survey_source_record","10.1073/pnas.1807456116; PMID:31748267","VALIDATION_ONLY","none","VALIDATION_ONLY","NOT_ASSESSED_IN_EXPANDED_SURVEY","Tuan Le","2026-08-30","https://pmc.ncbi.nlm.nih.gov/articles/PMC6900508/","Exact supplementary mean and SEM are available, but the assay is vertical climbing and the unit is BLU/s. Do not infer a planar walking endpoint."
"expanded_023_kajtor_2025_parkin_ddc","kajtor_2025_parkin_ddc","validation_candidate","parkin","not_extracted_in_expanded_survey_schema","14","not_reported","Single-animal threat assay with passing-shadow stimulus","pre_stimulus_walking_speed_mm_s","","mm/s","not_reported","NOT_REPORTED","","78","fly","fly","see_expanded_survey_source_record","10.7554/eLife.90905.3; PMID:40728873","TRANSFER_REVIEW_REQUIRED","validation_candidate","PENDING_HUMAN_SIGNOFF","NOT_ASSESSED_IN_EXPANDED_SURVEY","Tuan Le","2026-08-30","https://pmc.ncbi.nlm.nih.gov/articles/PMC12306971/","The article reports a 0.2-second pre-threat speed window and cohort counts, but exact numeric distribution summaries require the linked large raw-data archive. Do not download multi-gigabyte archive automatically; keep source and data DOI for human data-management decision."
"expanded_024_kajtor_2025_alpha_syn_ddc","kajtor_2025_alpha_syn_ddc","validation_candidate","alpha_synuclein","not_extracted_in_expanded_survey_schema","14","not_reported","Single-animal threat assay with passing-shadow stimulus","pre_stimulus_walking_speed_mm_s","","mm/s","not_reported","NOT_REPORTED","","69","fly","fly","see_expanded_survey_source_record","10.7554/eLife.90905.3; PMID:40728873","TRANSFER_REVIEW_REQUIRED","validation_candidate","PENDING_HUMAN_SIGNOFF","NOT_ASSESSED_IN_EXPANDED_SURVEY","Tuan Le","2026-08-30","https://pmc.ncbi.nlm.nih.gov/articles/PMC12306971/","The article reports a 0.2-second pre-threat speed window and cohort counts, but exact numeric distribution summaries require the linked large raw-data archive. Raw data link is public but not imported because the archive is multi-gigabyte."
"expanded_025_kajtor_2025_parkin_np6510","kajtor_2025_parkin_np6510","validation_candidate","parkin","not_extracted_in_expanded_survey_schema","14","not_reported","Single-animal threat assay with passing-shadow stimulus","pre_stimulus_walking_speed_mm_s","","mm/s","not_reported","NOT_REPORTED","","170","fly","fly","see_expanded_survey_source_record","10.7554/eLife.90905.3; PMID:40728873","TRANSFER_REVIEW_REQUIRED","validation_candidate","PENDING_HUMAN_SIGNOFF","NOT_ASSESSED_IN_EXPANDED_SURVEY","Tuan Le","2026-08-30","https://elifesciences.org/articles/90905","The paper reports a percentage speed decrease for this cohort, but not a directly reusable mean plus uncertainty in the reviewed article text. Percentage effects do not replace a numeric target with uncertainty."
"expanded_026_kajtor_2025_alpha_syn_np6510","kajtor_2025_alpha_syn_np6510","validation_candidate","alpha_synuclein","not_extracted_in_expanded_survey_schema","14","not_reported","Single-animal threat assay with passing-shadow stimulus","pre_stimulus_walking_speed_mm_s","","mm/s","not_reported","NOT_REPORTED","","181","fly","fly","see_expanded_survey_source_record","10.7554/eLife.90905.3; PMID:40728873","TRANSFER_REVIEW_REQUIRED","validation_candidate","PENDING_HUMAN_SIGNOFF","NOT_ASSESSED_IN_EXPANDED_SURVEY","Tuan Le","2026-08-30","https://elifesciences.org/articles/90905","The paper reports threat-response behavior and cohort counts, but the reviewed article text does not provide a reusable numeric speed uncertainty. Useful validation context for freezing/reactivity, not current calibration."
"expanded_027_bridi_2021_alpha_syn_day3","bridi_2021_alpha_syn_day3","validation_candidate","alpha_synuclein","not_extracted_in_expanded_survey_schema","3","not_reported","Drosophila activity and active-speed tracking","active_speed_mm_s","","mm/s","not_reported","NOT_REPORTED","","not_reported","fly","fly","see_expanded_survey_source_record","PMC8111063","TRANSFER_REVIEW_REQUIRED","validation_candidate","PENDING_HUMAN_SIGNOFF","NOT_ASSESSED_IN_EXPANDED_SURVEY","Tuan Le","2026-08-30","https://pmc.ncbi.nlm.nih.gov/articles/PMC8111063/","The paper reports active speed at day 3, but the exact numeric value and uncertainty were not available in the reviewed text. Needs figure/supplementary extraction before any target decision."
"expanded_028_bridi_2021_alpha_syn_day20","bridi_2021_alpha_syn_day20","validation_candidate","alpha_synuclein","not_extracted_in_expanded_survey_schema","20","not_reported","Drosophila activity and active-speed tracking","active_speed_mm_s","","mm/s","not_reported","NOT_REPORTED","","not_reported","fly","fly","see_expanded_survey_source_record","PMC8111063","TRANSFER_REVIEW_REQUIRED","validation_candidate","PENDING_HUMAN_SIGNOFF","NOT_ASSESSED_IN_EXPANDED_SURVEY","Tuan Le","2026-08-30","https://pmc.ncbi.nlm.nih.gov/articles/PMC8111063/","The paper reports active speed at day 20, but the exact numeric value and uncertainty were not available in the reviewed text. Needs figure/supplementary extraction before any target decision."
"expanded_029_cackett_2017_pink1_parkin_activity","cackett_2017_pink1_parkin_activity","none","pink1_parkin","not_extracted_in_expanded_survey_schema","1-3","male","Drosophila Activity Monitor","DAM_activity","","activity_units","mean","SEM","","7","experiment","not_reported","see_expanded_survey_source_record","PMC5469398","VALIDATION_ONLY","none","VALIDATION_ONLY","NOT_ASSESSED_IN_EXPANDED_SURVEY","Tuan Le","2026-08-30","https://pmc.ncbi.nlm.nih.gov/articles/PMC5469398/","DAM activity is reported with mean/SEM and experiment count, but is not the current FlyGym walking-speed or distance endpoint. Retain as activity validation evidence only."
"expanded_030_larval_asyn_2017_a53t_control","larval_asyn_2017_a53t_control","none","alpha_synuclein","not_extracted_in_expanded_survey_schema","larval","not_reported","Larval crawling assay","crawling_speed_mm_min","43.3","mm/min","mean","SEM","2.64","6","larva","larva","see_expanded_survey_source_record","PMC5403912","NOT_COMPARABLE","none","EXCLUDED_OUT_OF_SCOPE","NOT_ASSESSED_IN_EXPANDED_SURVEY","Tuan Le","2026-08-30","https://pmc.ncbi.nlm.nih.gov/articles/PMC5403912/","Numeric value is from larval crawling and is not adult FlyGym locomotion; it is retained for scope audit only. Do not mix larval crawling with adult walking calibration."
"expanded_031_larval_asyn_2017_a53t_drug_100","larval_asyn_2017_a53t_drug_100","none","alpha_synuclein","not_extracted_in_expanded_survey_schema","larval","not_reported","Larval crawling assay with chemical treatment","crawling_speed_mm_min","83.4","mm/min","mean","SEM","4.13","18","larva","larva","see_expanded_survey_source_record","PMC7492844","NOT_COMPARABLE","none","EXCLUDED_OUT_OF_SCOPE","NOT_ASSESSED_IN_EXPANDED_SURVEY","Tuan Le","2026-08-30","https://pmc.ncbi.nlm.nih.gov/articles/PMC7492844/","Drug-treatment larval speed is not an untreated adult disease baseline and is outside the current calibration scope. Drug context is not a target for this project."
"expanded_032_larval_asyn_2017_a53t_drug_1000","larval_asyn_2017_a53t_drug_1000","none","alpha_synuclein","not_extracted_in_expanded_survey_schema","larval","not_reported","Larval crawling assay with chemical treatment","crawling_speed_mm_min","78.8","mm/min","mean","SEM","6.73","6","larva","larva","see_expanded_survey_source_record","PMC7492844","NOT_COMPARABLE","none","EXCLUDED_OUT_OF_SCOPE","NOT_ASSESSED_IN_EXPANDED_SURVEY","Tuan Le","2026-08-30","https://pmc.ncbi.nlm.nih.gov/articles/PMC7492844/","Drug-treatment larval speed is not an untreated adult disease baseline and is outside the current calibration scope. Drug context is not a target for this project."
"expanded_033_gba_asyn_2018_climbing","gba_asyn_2018_climbing","none","alpha_synuclein_gba","not_extracted_in_expanded_survey_schema","adult_not_reported","not_reported","Negative geotaxis and activity assays","climbing_score","","percent","mean","SEM","","not_reported","fly","fly","see_expanded_survey_source_record","PMC5820349","VALIDATION_ONLY","none","VALIDATION_ONLY","NOT_ASSESSED_IN_EXPANDED_SURVEY","Tuan Le","2026-08-30","https://pmc.ncbi.nlm.nih.gov/articles/PMC5820349/","The study provides climbing/activity phenotype context but no currently transferable adult planar-speed target in the reviewed material. No conversion to walking speed."
"expanded_034_parkin_2012_larval_velocity","parkin_2012_larval_velocity","none","parkin","not_extracted_in_expanded_survey_schema","larval","not_reported","Larval locomotion assay","larval_velocity","","relative_to_control","not_reported","NOT_REPORTED","","not_reported","larva","larva","see_expanded_survey_source_record","PMC3313793","NOT_COMPARABLE","none","EXCLUDED_OUT_OF_SCOPE","NOT_ASSESSED_IN_EXPANDED_SURVEY","Tuan Le","2026-08-30","https://pmc.ncbi.nlm.nih.gov/articles/PMC3313793/","The source reports a relative locomotor defect without a reusable mean and uncertainty; the assay is larval rather than adult FlyGym walking. Context only; no numeric target extracted."
"expanded_035_asyn_2012_climbing_assay","asyn_2012_climbing_assay","none","alpha_synuclein","not_extracted_in_expanded_survey_schema","adult_not_reported","not_reported","Negative geotaxis climbing assay","climbing_score","","percent","not_reported","NOT_REPORTED","","not_reported","fly","fly","see_expanded_survey_source_record","PMC3410351","VALIDATION_ONLY","none","VALIDATION_ONLY","NOT_ASSESSED_IN_EXPANDED_SURVEY","Tuan Le","2026-08-30","https://pmc.ncbi.nlm.nih.gov/articles/PMC3410351/","Climbing assay is relevant to motor phenotype but no approved transfer to current FlyGym planar locomotion is available. Do not convert climbing to speed."
