condition,burden_level,metric,unit_of_analysis,n_pairs,expected_pairs,healthy_mean,healthy_sample_sd,proxy_mean,proxy_sample_sd,mean_delta_proxy_minus_healthy,delta_sample_sd,delta_se,mean_relative_change,paired_standardized_delta,paired_qc_status,comparison_status
parkin_class_level_exploratory,0.0,mean_planar_speed_mm_s,matched_rollout_seed,5,5,1.6999509264454828,0.09949412423034588,1.6999509264454828,0.09949412423034588,0.0,0.0,0.0,0.0,0.0,PASS,PASS
parkin_class_level_exploratory,0.0,distance_traveled_mm,matched_rollout_seed,5,5,1.5260506214081766,0.131488608252267,1.5260506214081766,0.131488608252267,0.0,0.0,0.0,0.0,0.0,PASS,PASS
parkin_class_level_exploratory,0.0,displacement_mm,matched_rollout_seed,5,5,0.8499754632227414,0.04974706211517294,0.8499754632227414,0.04974706211517294,0.0,0.0,0.0,0.0,0.0,PASS,PASS
parkin_class_level_exploratory,0.0,walking_speed_mm_s,matched_rollout_seed,5,5,3.051490944627628,0.2629246315782365,3.051490944627628,0.2629246315782365,0.0,0.0,0.0,0.0,0.0,PASS,PASS
parkin_class_level_exploratory,0.0,com_velocity_mean_mm_s,matched_rollout_seed,5,5,3.78573440365305,0.19772842970616583,3.78573440365305,0.19772842970616583,0.0,0.0,0.0,0.0,0.0,PASS,PASS
parkin_class_level_exploratory,0.0,heading_variance_rad2,matched_rollout_seed,5,5,0.00038924955476705026,0.00022470115829576156,0.00038924955476705026,0.00022470115829576156,0.0,0.0,0.0,0.0,0.0,PASS,PASS
parkin_class_level_exploratory,0.0,body_orientation_variance_rad2,matched_rollout_seed,5,5,0.0003444478965495001,7.356676286862539e-05,0.0003444478965495001,7.356676286862539e-05,0.0,0.0,0.0,0.0,0.0,PASS,PASS
parkin_class_level_exploratory,0.0,stride_frequency_hz,matched_rollout_seed,5,5,350.0000000000271,36.50875085358435,350.0000000000271,36.50875085358435,0.0,0.0,0.0,0.0,0.0,PASS,PASS
parkin_class_level_exploratory,0.0,step_frequency_hz,matched_rollout_seed,5,5,2100.000000000163,219.05250512150602,2100.000000000163,219.05250512150602,0.0,0.0,0.0,0.0,0.0,PASS,PASS
parkin_class_level_exploratory,0.0,trajectory_curvature_mean_rad_per_mm,matched_rollout_seed,5,5,0.4949297395448019,0.06094774365638904,0.4949297395448019,0.06094774365638904,0.0,0.0,0.0,0.0,0.0,PASS,PASS
parkin_class_level_exploratory,0.0,walking_speed_max_mm_s,matched_rollout_seed,5,5,32.55131800969709,6.5015645825924935,32.55131800969709,6.5015645825924935,0.0,0.0,0.0,0.0,0.0,PASS,PASS
parkin_class_level_exploratory,0.25,mean_planar_speed_mm_s,matched_rollout_seed,5,5,1.6999509264454828,0.09949412423034588,1.7086754865043368,0.09299155462504383,0.008724560058853914,0.018556079979452744,0.008298531245995847,0.005363060220806006,0.4701725832457432,PASS,PASS
parkin_class_level_exploratory,0.25,distance_traveled_mm,matched_rollout_seed,5,5,1.5260506214081766,0.131488608252267,1.5320377405162546,0.13829621645529167,0.00598711910807781,0.012460367534342931,0.005572445766284448,0.003659404013796773,0.48049297836330046,PASS,PASS
parkin_class_level_exploratory,0.25,displacement_mm,matched_rollout_seed,5,5,0.8499754632227414,0.04974706211517294,0.8543377432521684,0.04649577731252191,0.004362280029426957,0.009278039989726372,0.004149265622997923,0.005363060220806006,0.4701725832457432,PASS,PASS
parkin_class_level_exploratory,0.25,walking_speed_mm_s,matched_rollout_seed,5,5,3.051490944627628,0.2629246315782365,3.0634627884750154,0.2765371254855062,0.011971843847387387,0.02491575191830483,0.011142662999970077,0.0036594040137969052,0.48049297836329974,PASS,PASS
parkin_class_level_exploratory,0.25,com_velocity_mean_mm_s,matched_rollout_seed,5,5,3.78573440365305,0.19772842970616583,3.80026094962201,0.2226972050650343,0.014526545968960391,0.03001868352357869,0.013424763390754973,0.003588562331315056,0.4839168232527674,PASS,PASS
parkin_class_level_exploratory,0.25,heading_variance_rad2,matched_rollout_seed,5,5,0.00038924955476705026,0.00022470115829576156,0.0003975639160923264,0.00022624658980779187,8.314361325276067e-06,2.256402825241549e-05,1.0090940203725362e-05,0.02055375739854883,0.3684785904478741,PASS,PASS
parkin_class_level_exploratory,0.25,body_orientation_variance_rad2,matched_rollout_seed,5,5,0.0003444478965495001,7.356676286862539e-05,0.0003476404506627628,7.595133269325281e-05,3.1925541132626586e-06,7.838202890041599e-06,3.5053508967136648e-06,0.008367381695686574,0.4073068990493706,PASS,PASS
parkin_class_level_exploratory,0.25,stride_frequency_hz,matched_rollout_seed,5,5,350.0000000000271,36.50875085358435,351.0666666666939,36.86115088334403,1.066666666666754,2.5755258362777647,1.151810169544815,0.002978714217866259,0.41415490834614804,PASS,PASS
parkin_class_level_exploratory,0.25,step_frequency_hz,matched_rollout_seed,5,5,2100.000000000163,219.05250512150602,2106.4000000001633,221.16690530006423,6.4000000000005,15.453155017666736,6.910861017268957,0.0029787142178662415,0.41415490834614255,PASS,PASS
parkin_class_level_exploratory,0.25,trajectory_curvature_mean_rad_per_mm,matched_rollout_seed,5,5,0.4949297395448019,0.06094774365638904,0.4965868748598699,0.06381612180336492,0.0016571353150680924,0.0031116656760609438,0.001391579194985022,0.0028696808731665246,0.5325557073232428,PASS,PASS
parkin_class_level_exploratory,0.25,walking_speed_max_mm_s,matched_rollout_seed,5,5,32.55131800969709,6.5015645825924935,32.55131800969709,6.5015645825924935,0.0,0.0,0.0,0.0,0.0,PASS,PASS
parkin_class_level_exploratory,0.5,mean_planar_speed_mm_s,matched_rollout_seed,5,5,1.6999509264454828,0.09949412423034588,1.6959416723985108,0.09215208183266597,-0.004009254046972055,0.008390118899100036,0.0037521752395386757,-0.0021661121377986006,-0.477854258704499,PASS,PASS
parkin_class_level_exploratory,0.5,distance_traveled_mm,matched_rollout_seed,5,5,1.5260506214081766,0.131488608252267,1.5251346837782527,0.1301826141373568,-0.0009159376299240129,0.0054364174962901485,0.0024312398151547965,-0.0005410837027227367,-0.16848184131352228,PASS,PASS
parkin_class_level_exploratory,0.5,displacement_mm,matched_rollout_seed,5,5,0.8499754632227414,0.04974706211517294,0.8479708361992554,0.04607604091633299,-0.0020046270234860275,0.004195059449550018,0.0018760876197693379,-0.0021661121377986006,-0.477854258704499,PASS,PASS
parkin_class_level_exploratory,0.5,walking_speed_mm_s,matched_rollout_seed,5,5,3.051490944627628,0.2629246315782365,3.0496594356695708,0.2603131656416033,-0.0018315089580566379,0.010870660860409487,0.004861507328844393,-0.000541083702722771,-0.16848184131352312,PASS,PASS
parkin_class_level_exploratory,0.5,com_velocity_mean_mm_s,matched_rollout_seed,5,5,3.78573440365305,0.19772842970616583,3.783914471256613,0.20389433112096686,-0.0018199323964365633,0.015252029729431835,0.006820915053971461,-0.0005390828840725024,-0.11932394761365044,PASS,PASS
parkin_class_level_exploratory,0.5,heading_variance_rad2,matched_rollout_seed,5,5,0.00038924955476705026,0.00022470115829576156,0.00039508697410395094,0.00022161701714000167,5.837419336900666e-06,1.9844000418949714e-05,8.874506776461173e-06,0.017254711535478022,0.29416545120238535,PASS,PASS
parkin_class_level_exploratory,0.5,body_orientation_variance_rad2,matched_rollout_seed,5,5,0.0003444478965495001,7.356676286862539e-05,0.0003466475039548571,7.549006737709995e-05,2.199607405357012e-06,7.345194460826526e-06,3.284870824472605e-06,0.0056507136601750005,0.2994621064272679,PASS,PASS
parkin_class_level_exploratory,0.5,stride_frequency_hz,matched_rollout_seed,5,5,350.0000000000271,36.50875085358435,349.73333333336046,35.9029556195924,-0.26666666666667427,2.1395742047843065,0.9568466729605529,-0.0006159462295864626,-0.12463539056994628,PASS,PASS
parkin_class_level_exploratory,0.5,step_frequency_hz,matched_rollout_seed,5,5,2100.000000000163,219.05250512150602,2098.4000000001624,215.4177337175544,-1.600000000000091,12.837445228705947,5.741080037763366,-0.0006159462295864903,-0.12463539056994875,PASS,PASS
parkin_class_level_exploratory,0.5,trajectory_curvature_mean_rad_per_mm,matched_rollout_seed,5,5,0.4949297395448019,0.06094774365638904,0.49897667528077144,0.0644763213746047,0.004046935735969548,0.005282541275834219,0.002362424277342756,0.0076383609754582665,0.7660963776057681,PASS,PASS
parkin_class_level_exploratory,0.5,walking_speed_max_mm_s,matched_rollout_seed,5,5,32.55131800969709,6.5015645825924935,32.55131800969709,6.5015645825924935,0.0,0.0,0.0,0.0,0.0,PASS,PASS
parkin_class_level_exploratory,0.75,mean_planar_speed_mm_s,matched_rollout_seed,5,5,1.6999509264454828,0.09949412423034588,1.7021877901305884,0.0842150042081904,0.0022368636851054723,0.01951158479127917,0.008725845988410252,0.0017611688286648208,0.11464284982659395,PASS,PASS
parkin_class_level_exploratory,0.75,distance_traveled_mm,matched_rollout_seed,5,5,1.5260506214081766,0.131488608252267,1.5285525175866705,0.12582001698045156,0.002501896178493812,0.011201934513285978,0.005009657410241694,0.0019215300455917932,0.22334501023251432,PASS,PASS
parkin_class_level_exploratory,0.75,displacement_mm,matched_rollout_seed,5,5,0.8499754632227414,0.04974706211517294,0.8510938950652942,0.0421075021040952,0.0011184318425527362,0.009755792395639585,0.004362922994205126,0.0017611688286648208,0.11464284982659395,PASS,PASS
parkin_class_level_exploratory,0.75,walking_speed_mm_s,matched_rollout_seed,5,5,3.051490944627628,0.2629246315782365,3.056493736426256,0.25158971601771685,0.005002791798628614,0.0223993891487448,0.010017311358212903,0.0019215300455919277,0.22334501023252043,PASS,PASS
parkin_class_level_exploratory,0.75,com_velocity_mean_mm_s,matched_rollout_seed,5,5,3.78573440365305,0.19772842970616583,3.791007731069365,0.20163028991099588,0.0052733274163156985,0.024481647230017018,0.010948525481497495,0.001370976368983053,0.21539920769097826,PASS,PASS
parkin_class_level_exploratory,0.75,heading_variance_rad2,matched_rollout_seed,5,5,0.00038924955476705026,0.00022470115829576156,0.0003963719744821001,0.00022031284176216948,7.122419715049851e-06,1.7707043328135003e-05,7.918830512448795e-06,0.02233945012450025,0.40223653283396693,PASS,PASS
parkin_class_level_exploratory,0.75,body_orientation_variance_rad2,matched_rollout_seed,5,5,0.0003444478965495001,7.356676286862539e-05,0.00034764474848500264,7.560283213795834e-05,3.1968519355025244e-06,7.058245749817002e-06,3.1565434596979577e-06,0.00847432313701933,0.45292443034948293,PASS,PASS
parkin_class_level_exploratory,0.75,stride_frequency_hz,matched_rollout_seed,5,5,350.0000000000271,36.50875085358435,350.5333333333605,34.137467197594596,0.5333333333333826,2.930680618711325,1.310640216755933,0.002170202900416544,0.1819827551075488,PASS,PASS
parkin_class_level_exploratory,0.75,step_frequency_hz,matched_rollout_seed,5,5,2100.000000000163,219.05250512150602,2103.200000000163,204.82480318556756,3.200000000000318,17.584083712267983,7.863841300535612,0.0021702029004165503,0.18198275510754972,PASS,PASS
parkin_class_level_exploratory,0.75,trajectory_curvature_mean_rad_per_mm,matched_rollout_seed,5,5,0.4949297395448019,0.06094774365638904,0.500469398776975,0.06553195052220384,0.0055396592321732,0.005094017306360859,0.0022781137951166505,0.010455889880040576,1.0874833945412536,PASS,PASS
parkin_class_level_exploratory,0.75,walking_speed_max_mm_s,matched_rollout_seed,5,5,32.55131800969709,6.5015645825924935,32.55131800969709,6.5015645825924935,0.0,0.0,0.0,0.0,0.0,PASS,PASS
parkin_class_level_exploratory,1.0,mean_planar_speed_mm_s,matched_rollout_seed,5,5,1.6999509264454828,0.09949412423034588,1.695850914117085,0.09224581117347866,-0.004100012328397895,0.008341492399728975,0.003730428807918367,-0.0022221340838999687,-0.4915202378570901,PASS,PASS
parkin_class_level_exploratory,1.0,distance_traveled_mm,matched_rollout_seed,5,5,1.5260506214081766,0.131488608252267,1.5248042231417358,0.12976930415295324,-0.001246398266440929,0.005062242869046052,0.0022639038347601077,-0.0007412226869820376,-0.24621463226552084,PASS,PASS
parkin_class_level_exploratory,1.0,displacement_mm,matched_rollout_seed,5,5,0.8499754632227414,0.04974706211517294,0.8479254570585425,0.04612290558673933,-0.0020500061641989475,0.004170746199864487,0.0018652144039591834,-0.0022221340838999687,-0.4915202378570901,PASS,PASS
parkin_class_level_exploratory,1.0,walking_speed_mm_s,matched_rollout_seed,5,5,3.051490944627628,0.2629246315782365,3.0489986465543604,0.2594867109637318,-0.0024922980732673848,0.010122461245844214,0.004526902289062974,-0.0007412226869820454,-0.24621463226550758,PASS,PASS
parkin_class_level_exploratory,1.0,com_velocity_mean_mm_s,matched_rollout_seed,5,5,3.78573440365305,0.19772842970616583,3.7838510631361855,0.20373842635357445,-0.0018833405168637185,0.015149498735380506,0.006775061799471582,-0.0005542567486328456,-0.12431701865259209,PASS,PASS
parkin_class_level_exploratory,1.0,heading_variance_rad2,matched_rollout_seed,5,5,0.00038924955476705026,0.00022470115829576156,0.0003943744191921927,0.00022150047840718845,5.124864425142401e-06,1.824209218114714e-05,8.158111633772483e-06,0.015404216662924259,0.280936220157842,PASS,PASS
parkin_class_level_exploratory,1.0,body_orientation_variance_rad2,matched_rollout_seed,5,5,0.0003444478965495001,7.356676286862539e-05,0.00034650282759562067,7.537256109650911e-05,2.054931046120554e-06,7.015685552393339e-06,3.1375099607829335e-06,0.005270423137428146,0.2929052379520534,PASS,PASS
parkin_class_level_exploratory,1.0,stride_frequency_hz,matched_rollout_seed,5,5,350.0000000000271,36.50875085358435,349.66666666669374,35.888716889855495,-0.33333333333334847,2.027587510099539,0.9067647005824221,-0.0008046254748694885,-0.16439898730535402,PASS,PASS
parkin_class_level_exploratory,1.0,step_frequency_hz,matched_rollout_seed,5,5,2100.000000000163,219.05250512150602,2098.000000000163,215.33230133913298,-2.000000000000091,12.165525060597412,5.440588203494612,-0.0008046254748694945,-0.16439898730535163,PASS,PASS
parkin_class_level_exploratory,1.0,trajectory_curvature_mean_rad_per_mm,matched_rollout_seed,5,5,0.4949297395448019,0.06094774365638904,0.49939539017132517,0.06533507365360347,0.004465650626523321,0.006012098042898936,0.0026886919822630933,0.008343042818778009,0.7427774122542514,PASS,PASS
parkin_class_level_exploratory,1.0,walking_speed_max_mm_s,matched_rollout_seed,5,5,32.55131800969709,6.5015645825924935,32.55131800969709,6.5015645825924935,0.0,0.0,0.0,0.0,0.0,PASS,PASS
