path,line,matched_pattern,status,action
docs/disease_rollouts/gate_21_parkin_class_level_exploratory_rollout.md,51,personal_or_machine_absolute_path,HISTORICAL_PATH_REVIEW,DEFERRED_PUBLIC_PATH_CLEANUP
docs/disease_rollouts/gate_21_parkin_class_level_exploratory_rollout.md,52,personal_or_machine_absolute_path,HISTORICAL_PATH_REVIEW,DEFERRED_PUBLIC_PATH_CLEANUP
docs/disease_rollouts/gate_21_parkin_class_level_exploratory_rollout.md,53,personal_or_machine_absolute_path,HISTORICAL_PATH_REVIEW,DEFERRED_PUBLIC_PATH_CLEANUP
docs/movement/gate_18_movement_verified_rollout_report.md,12,personal_or_machine_absolute_path,HISTORICAL_PATH_REVIEW,DEFERRED_PUBLIC_PATH_CLEANUP
docs/movement/gate_18_movement_verified_rollout_report.md,14,personal_or_machine_absolute_path,HISTORICAL_PATH_REVIEW,DEFERRED_PUBLIC_PATH_CLEANUP
docs/movement/gate_18_movement_verified_rollout_report.md,15,personal_or_machine_absolute_path,HISTORICAL_PATH_REVIEW,DEFERRED_PUBLIC_PATH_CLEANUP
docs/pipeline/step_01_healthy_neural_core_lock_vi.md,17,personal_or_machine_absolute_path,HISTORICAL_PATH_REVIEW,DEFERRED_PUBLIC_PATH_CLEANUP
docs/validation/gate24e_raw_runs_verified_relocation.md,4,personal_or_machine_absolute_path,HISTORICAL_PATH_REVIEW,DEFERRED_PUBLIC_PATH_CLEANUP
docs/validation/gate24e_scientific_batch_executor_freeze.md,42,personal_or_machine_absolute_path,HISTORICAL_PATH_REVIEW,DEFERRED_PUBLIC_PATH_CLEANUP
experiments/gate_11_healthy_baseline/logs/run.log,10,personal_or_machine_absolute_path,HISTORICAL_PATH_REVIEW,DEFERRED_PUBLIC_PATH_CLEANUP
experiments/gate_11_healthy_baseline/logs/run.log,55,personal_or_machine_absolute_path,HISTORICAL_PATH_REVIEW,DEFERRED_PUBLIC_PATH_CLEANUP
experiments/gate_11_healthy_baseline/logs/run.log,66,personal_or_machine_absolute_path,HISTORICAL_PATH_REVIEW,DEFERRED_PUBLIC_PATH_CLEANUP
experiments/gate_11_healthy_baseline/logs/run.log,111,personal_or_machine_absolute_path,HISTORICAL_PATH_REVIEW,DEFERRED_PUBLIC_PATH_CLEANUP
experiments/gate_11_healthy_baseline/logs/run.log,122,personal_or_machine_absolute_path,HISTORICAL_PATH_REVIEW,DEFERRED_PUBLIC_PATH_CLEANUP
experiments/gate_11_healthy_baseline/logs/run.log,167,personal_or_machine_absolute_path,HISTORICAL_PATH_REVIEW,DEFERRED_PUBLIC_PATH_CLEANUP
experiments/gate_11_healthy_baseline/logs/run.log,178,personal_or_machine_absolute_path,HISTORICAL_PATH_REVIEW,DEFERRED_PUBLIC_PATH_CLEANUP
experiments/gate_11_healthy_baseline/logs/run.log,223,personal_or_machine_absolute_path,HISTORICAL_PATH_REVIEW,DEFERRED_PUBLIC_PATH_CLEANUP
experiments/gate_11_healthy_baseline/logs/run.log,234,personal_or_machine_absolute_path,HISTORICAL_PATH_REVIEW,DEFERRED_PUBLIC_PATH_CLEANUP
experiments/gate_11_healthy_baseline/logs/run.log,279,personal_or_machine_absolute_path,HISTORICAL_PATH_REVIEW,DEFERRED_PUBLIC_PATH_CLEANUP
experiments/gate_11_healthy_baseline/logs/run.log,290,personal_or_machine_absolute_path,HISTORICAL_PATH_REVIEW,DEFERRED_PUBLIC_PATH_CLEANUP
experiments/gate_11_healthy_baseline/logs/run.log,335,personal_or_machine_absolute_path,HISTORICAL_PATH_REVIEW,DEFERRED_PUBLIC_PATH_CLEANUP
experiments/gate_12f_b_action_hook_integration/configs/action_hook_integration_config.yaml,5,personal_or_machine_absolute_path,HISTORICAL_PATH_REVIEW,DEFERRED_PUBLIC_PATH_CLEANUP
experiments/gate_12f_b_action_hook_integration/configs/action_hook_integration_config.yaml,10,personal_or_machine_absolute_path,HISTORICAL_PATH_REVIEW,DEFERRED_PUBLIC_PATH_CLEANUP
experiments/gate_12g_integrated_proxy_rollouts/logs/run.log,11,personal_or_machine_absolute_path,HISTORICAL_PATH_REVIEW,DEFERRED_PUBLIC_PATH_CLEANUP
experiments/gate_12g_integrated_proxy_rollouts/logs/run.log,66,personal_or_machine_absolute_path,HISTORICAL_PATH_REVIEW,DEFERRED_PUBLIC_PATH_CLEANUP
experiments/gate_12g_integrated_proxy_rollouts/logs/run.log,76,personal_or_machine_absolute_path,HISTORICAL_PATH_REVIEW,DEFERRED_PUBLIC_PATH_CLEANUP
experiments/gate_12g_integrated_proxy_rollouts/logs/run.log,131,personal_or_machine_absolute_path,HISTORICAL_PATH_REVIEW,DEFERRED_PUBLIC_PATH_CLEANUP
experiments/gate_12g_integrated_proxy_rollouts/logs/run.log,141,personal_or_machine_absolute_path,HISTORICAL_PATH_REVIEW,DEFERRED_PUBLIC_PATH_CLEANUP
experiments/gate_12g_integrated_proxy_rollouts/logs/run.log,196,personal_or_machine_absolute_path,HISTORICAL_PATH_REVIEW,DEFERRED_PUBLIC_PATH_CLEANUP
experiments/gate_12g_integrated_proxy_rollouts/logs/run.log,206,personal_or_machine_absolute_path,HISTORICAL_PATH_REVIEW,DEFERRED_PUBLIC_PATH_CLEANUP
experiments/gate_12g_integrated_proxy_rollouts/logs/run.log,261,personal_or_machine_absolute_path,HISTORICAL_PATH_REVIEW,DEFERRED_PUBLIC_PATH_CLEANUP
experiments/gate_12g_integrated_proxy_rollouts/logs/run.log,271,personal_or_machine_absolute_path,HISTORICAL_PATH_REVIEW,DEFERRED_PUBLIC_PATH_CLEANUP
experiments/gate_12g_integrated_proxy_rollouts/logs/run.log,326,personal_or_machine_absolute_path,HISTORICAL_PATH_REVIEW,DEFERRED_PUBLIC_PATH_CLEANUP
experiments/gate_12g_integrated_proxy_rollouts/logs/run.log,336,personal_or_machine_absolute_path,HISTORICAL_PATH_REVIEW,DEFERRED_PUBLIC_PATH_CLEANUP
experiments/gate_12g_integrated_proxy_rollouts/logs/run.log,391,personal_or_machine_absolute_path,HISTORICAL_PATH_REVIEW,DEFERRED_PUBLIC_PATH_CLEANUP
experiments/gate_12g_integrated_proxy_rollouts/logs/run.log,401,personal_or_machine_absolute_path,HISTORICAL_PATH_REVIEW,DEFERRED_PUBLIC_PATH_CLEANUP
experiments/gate_12g_integrated_proxy_rollouts/logs/run.log,456,personal_or_machine_absolute_path,HISTORICAL_PATH_REVIEW,DEFERRED_PUBLIC_PATH_CLEANUP
experiments/gate_12g_integrated_proxy_rollouts/logs/run.log,466,personal_or_machine_absolute_path,HISTORICAL_PATH_REVIEW,DEFERRED_PUBLIC_PATH_CLEANUP
experiments/gate_12g_integrated_proxy_rollouts/logs/run.log,521,personal_or_machine_absolute_path,HISTORICAL_PATH_REVIEW,DEFERRED_PUBLIC_PATH_CLEANUP
experiments/gate_12g_integrated_proxy_rollouts/logs/run.log,531,personal_or_machine_absolute_path,HISTORICAL_PATH_REVIEW,DEFERRED_PUBLIC_PATH_CLEANUP
experiments/gate_12g_integrated_proxy_rollouts/logs/run.log,586,personal_or_machine_absolute_path,HISTORICAL_PATH_REVIEW,DEFERRED_PUBLIC_PATH_CLEANUP
experiments/gate_12g_integrated_proxy_rollouts/logs/run.log,596,personal_or_machine_absolute_path,HISTORICAL_PATH_REVIEW,DEFERRED_PUBLIC_PATH_CLEANUP
experiments/gate_12g_integrated_proxy_rollouts/logs/run.log,651,personal_or_machine_absolute_path,HISTORICAL_PATH_REVIEW,DEFERRED_PUBLIC_PATH_CLEANUP
experiments/gate_12g_integrated_proxy_rollouts/logs/run.log,661,personal_or_machine_absolute_path,HISTORICAL_PATH_REVIEW,DEFERRED_PUBLIC_PATH_CLEANUP
experiments/gate_12g_integrated_proxy_rollouts/logs/run.log,716,personal_or_machine_absolute_path,HISTORICAL_PATH_REVIEW,DEFERRED_PUBLIC_PATH_CLEANUP
experiments/gate_12g_integrated_proxy_rollouts/logs/run.log,726,personal_or_machine_absolute_path,HISTORICAL_PATH_REVIEW,DEFERRED_PUBLIC_PATH_CLEANUP
experiments/gate_12g_integrated_proxy_rollouts/logs/run.log,781,personal_or_machine_absolute_path,HISTORICAL_PATH_REVIEW,DEFERRED_PUBLIC_PATH_CLEANUP
experiments/gate_12g_integrated_proxy_rollouts/logs/run.log,791,personal_or_machine_absolute_path,HISTORICAL_PATH_REVIEW,DEFERRED_PUBLIC_PATH_CLEANUP
experiments/gate_12g_integrated_proxy_rollouts/logs/run.log,846,personal_or_machine_absolute_path,HISTORICAL_PATH_REVIEW,DEFERRED_PUBLIC_PATH_CLEANUP
experiments/gate_12g_integrated_proxy_rollouts/logs/run.log,856,personal_or_machine_absolute_path,HISTORICAL_PATH_REVIEW,DEFERRED_PUBLIC_PATH_CLEANUP
experiments/gate_12g_integrated_proxy_rollouts/logs/run.log,911,personal_or_machine_absolute_path,HISTORICAL_PATH_REVIEW,DEFERRED_PUBLIC_PATH_CLEANUP
experiments/gate_12g_integrated_proxy_rollouts/logs/run.log,921,personal_or_machine_absolute_path,HISTORICAL_PATH_REVIEW,DEFERRED_PUBLIC_PATH_CLEANUP
experiments/gate_12g_integrated_proxy_rollouts/logs/run.log,976,personal_or_machine_absolute_path,HISTORICAL_PATH_REVIEW,DEFERRED_PUBLIC_PATH_CLEANUP
experiments/gate_12g_integrated_proxy_rollouts/logs/run.log,986,personal_or_machine_absolute_path,HISTORICAL_PATH_REVIEW,DEFERRED_PUBLIC_PATH_CLEANUP
experiments/gate_12g_integrated_proxy_rollouts/logs/run.log,1041,personal_or_machine_absolute_path,HISTORICAL_PATH_REVIEW,DEFERRED_PUBLIC_PATH_CLEANUP
experiments/gate_12g_integrated_proxy_rollouts/logs/run.log,1051,personal_or_machine_absolute_path,HISTORICAL_PATH_REVIEW,DEFERRED_PUBLIC_PATH_CLEANUP
experiments/gate_12g_integrated_proxy_rollouts/logs/run.log,1106,personal_or_machine_absolute_path,HISTORICAL_PATH_REVIEW,DEFERRED_PUBLIC_PATH_CLEANUP
experiments/gate_12g_integrated_proxy_rollouts/logs/run.log,1116,personal_or_machine_absolute_path,HISTORICAL_PATH_REVIEW,DEFERRED_PUBLIC_PATH_CLEANUP
experiments/gate_12g_integrated_proxy_rollouts/logs/run.log,1171,personal_or_machine_absolute_path,HISTORICAL_PATH_REVIEW,DEFERRED_PUBLIC_PATH_CLEANUP
experiments/gate_12g_integrated_proxy_rollouts/logs/run.log,1181,personal_or_machine_absolute_path,HISTORICAL_PATH_REVIEW,DEFERRED_PUBLIC_PATH_CLEANUP
experiments/gate_12g_integrated_proxy_rollouts/logs/run.log,1236,personal_or_machine_absolute_path,HISTORICAL_PATH_REVIEW,DEFERRED_PUBLIC_PATH_CLEANUP
experiments/gate_12g_integrated_proxy_rollouts/logs/run.log,1246,personal_or_machine_absolute_path,HISTORICAL_PATH_REVIEW,DEFERRED_PUBLIC_PATH_CLEANUP
experiments/gate_12g_integrated_proxy_rollouts/logs/run.log,1301,personal_or_machine_absolute_path,HISTORICAL_PATH_REVIEW,DEFERRED_PUBLIC_PATH_CLEANUP
experiments/gate_12g_integrated_proxy_rollouts/logs/run.log,1311,personal_or_machine_absolute_path,HISTORICAL_PATH_REVIEW,DEFERRED_PUBLIC_PATH_CLEANUP
experiments/gate_12g_integrated_proxy_rollouts/logs/run.log,1366,personal_or_machine_absolute_path,HISTORICAL_PATH_REVIEW,DEFERRED_PUBLIC_PATH_CLEANUP
experiments/gate_12g_integrated_proxy_rollouts/logs/run.log,1376,personal_or_machine_absolute_path,HISTORICAL_PATH_REVIEW,DEFERRED_PUBLIC_PATH_CLEANUP
experiments/gate_12g_integrated_proxy_rollouts/logs/run.log,1431,personal_or_machine_absolute_path,HISTORICAL_PATH_REVIEW,DEFERRED_PUBLIC_PATH_CLEANUP
experiments/gate_12g_integrated_proxy_rollouts/logs/run.log,1441,personal_or_machine_absolute_path,HISTORICAL_PATH_REVIEW,DEFERRED_PUBLIC_PATH_CLEANUP
experiments/gate_12g_integrated_proxy_rollouts/logs/run.log,1496,personal_or_machine_absolute_path,HISTORICAL_PATH_REVIEW,DEFERRED_PUBLIC_PATH_CLEANUP
experiments/gate_12g_integrated_proxy_rollouts/logs/run.log,1506,personal_or_machine_absolute_path,HISTORICAL_PATH_REVIEW,DEFERRED_PUBLIC_PATH_CLEANUP
experiments/gate_12g_integrated_proxy_rollouts/logs/run.log,1561,personal_or_machine_absolute_path,HISTORICAL_PATH_REVIEW,DEFERRED_PUBLIC_PATH_CLEANUP
experiments/gate_12g_integrated_proxy_rollouts/logs/run.log,1571,personal_or_machine_absolute_path,HISTORICAL_PATH_REVIEW,DEFERRED_PUBLIC_PATH_CLEANUP
experiments/gate_12g_integrated_proxy_rollouts/logs/run.log,1626,personal_or_machine_absolute_path,HISTORICAL_PATH_REVIEW,DEFERRED_PUBLIC_PATH_CLEANUP
experiments/gate_12g_integrated_proxy_rollouts/logs/run.log,1636,personal_or_machine_absolute_path,HISTORICAL_PATH_REVIEW,DEFERRED_PUBLIC_PATH_CLEANUP
experiments/gate_12g_integrated_proxy_rollouts/logs/run.log,1691,personal_or_machine_absolute_path,HISTORICAL_PATH_REVIEW,DEFERRED_PUBLIC_PATH_CLEANUP
experiments/gate_12g_integrated_proxy_rollouts/logs/run.log,1701,personal_or_machine_absolute_path,HISTORICAL_PATH_REVIEW,DEFERRED_PUBLIC_PATH_CLEANUP
experiments/gate_12g_integrated_proxy_rollouts/logs/run.log,1756,personal_or_machine_absolute_path,HISTORICAL_PATH_REVIEW,DEFERRED_PUBLIC_PATH_CLEANUP
experiments/gate_12g_integrated_proxy_rollouts/logs/run.log,1766,personal_or_machine_absolute_path,HISTORICAL_PATH_REVIEW,DEFERRED_PUBLIC_PATH_CLEANUP
experiments/gate_12g_integrated_proxy_rollouts/logs/run.log,1821,personal_or_machine_absolute_path,HISTORICAL_PATH_REVIEW,DEFERRED_PUBLIC_PATH_CLEANUP
experiments/gate_12g_integrated_proxy_rollouts/logs/run.log,1831,personal_or_machine_absolute_path,HISTORICAL_PATH_REVIEW,DEFERRED_PUBLIC_PATH_CLEANUP
experiments/gate_12g_integrated_proxy_rollouts/logs/run.log,1886,personal_or_machine_absolute_path,HISTORICAL_PATH_REVIEW,DEFERRED_PUBLIC_PATH_CLEANUP
experiments/gate_12g_integrated_proxy_rollouts/logs/run.log,1896,personal_or_machine_absolute_path,HISTORICAL_PATH_REVIEW,DEFERRED_PUBLIC_PATH_CLEANUP
experiments/gate_12g_integrated_proxy_rollouts/logs/run.log,1951,personal_or_machine_absolute_path,HISTORICAL_PATH_REVIEW,DEFERRED_PUBLIC_PATH_CLEANUP
experiments/gate_12g_integrated_proxy_rollouts/logs/run.log,1961,personal_or_machine_absolute_path,HISTORICAL_PATH_REVIEW,DEFERRED_PUBLIC_PATH_CLEANUP
experiments/gate_12g_integrated_proxy_rollouts/logs/run.log,2016,personal_or_machine_absolute_path,HISTORICAL_PATH_REVIEW,DEFERRED_PUBLIC_PATH_CLEANUP
experiments/gate_12g_integrated_proxy_rollouts/logs/run.log,2026,personal_or_machine_absolute_path,HISTORICAL_PATH_REVIEW,DEFERRED_PUBLIC_PATH_CLEANUP
experiments/gate_12g_integrated_proxy_rollouts/logs/run.log,2081,personal_or_machine_absolute_path,HISTORICAL_PATH_REVIEW,DEFERRED_PUBLIC_PATH_CLEANUP
experiments/gate_12g_integrated_proxy_rollouts/logs/run.log,2091,personal_or_machine_absolute_path,HISTORICAL_PATH_REVIEW,DEFERRED_PUBLIC_PATH_CLEANUP
experiments/gate_12g_integrated_proxy_rollouts/logs/run.log,2146,personal_or_machine_absolute_path,HISTORICAL_PATH_REVIEW,DEFERRED_PUBLIC_PATH_CLEANUP
experiments/gate_12g_integrated_proxy_rollouts/logs/run.log,2156,personal_or_machine_absolute_path,HISTORICAL_PATH_REVIEW,DEFERRED_PUBLIC_PATH_CLEANUP
experiments/gate_12g_integrated_proxy_rollouts/logs/run.log,2211,personal_or_machine_absolute_path,HISTORICAL_PATH_REVIEW,DEFERRED_PUBLIC_PATH_CLEANUP
experiments/gate_12g_integrated_proxy_rollouts/logs/run.log,2221,personal_or_machine_absolute_path,HISTORICAL_PATH_REVIEW,DEFERRED_PUBLIC_PATH_CLEANUP
experiments/gate_12g_integrated_proxy_rollouts/logs/run.log,2276,personal_or_machine_absolute_path,HISTORICAL_PATH_REVIEW,DEFERRED_PUBLIC_PATH_CLEANUP
experiments/gate_12g_integrated_proxy_rollouts/logs/run.log,2286,personal_or_machine_absolute_path,HISTORICAL_PATH_REVIEW,DEFERRED_PUBLIC_PATH_CLEANUP
experiments/gate_12g_integrated_proxy_rollouts/logs/run.log,2341,personal_or_machine_absolute_path,HISTORICAL_PATH_REVIEW,DEFERRED_PUBLIC_PATH_CLEANUP
experiments/gate_12g_integrated_proxy_rollouts/logs/run.log,2351,personal_or_machine_absolute_path,HISTORICAL_PATH_REVIEW,DEFERRED_PUBLIC_PATH_CLEANUP
experiments/gate_12g_integrated_proxy_rollouts/logs/run.log,2406,personal_or_machine_absolute_path,HISTORICAL_PATH_REVIEW,DEFERRED_PUBLIC_PATH_CLEANUP
experiments/gate_12g_integrated_proxy_rollouts/logs/run.log,2416,personal_or_machine_absolute_path,HISTORICAL_PATH_REVIEW,DEFERRED_PUBLIC_PATH_CLEANUP
experiments/gate_12g_integrated_proxy_rollouts/logs/run.log,2471,personal_or_machine_absolute_path,HISTORICAL_PATH_REVIEW,DEFERRED_PUBLIC_PATH_CLEANUP
experiments/gate_12g_integrated_proxy_rollouts/logs/run.log,2481,personal_or_machine_absolute_path,HISTORICAL_PATH_REVIEW,DEFERRED_PUBLIC_PATH_CLEANUP
experiments/gate_12g_integrated_proxy_rollouts/logs/run.log,2536,personal_or_machine_absolute_path,HISTORICAL_PATH_REVIEW,DEFERRED_PUBLIC_PATH_CLEANUP
experiments/gate_12g_integrated_proxy_rollouts/logs/run.log,2546,personal_or_machine_absolute_path,HISTORICAL_PATH_REVIEW,DEFERRED_PUBLIC_PATH_CLEANUP
experiments/gate_12g_integrated_proxy_rollouts/logs/run.log,2601,personal_or_machine_absolute_path,HISTORICAL_PATH_REVIEW,DEFERRED_PUBLIC_PATH_CLEANUP
experiments/gate_12g_integrated_proxy_rollouts/logs/run.log,2611,personal_or_machine_absolute_path,HISTORICAL_PATH_REVIEW,DEFERRED_PUBLIC_PATH_CLEANUP
experiments/gate_12g_integrated_proxy_rollouts/logs/run.log,2666,personal_or_machine_absolute_path,HISTORICAL_PATH_REVIEW,DEFERRED_PUBLIC_PATH_CLEANUP
experiments/gate_12g_integrated_proxy_rollouts/logs/run.log,2676,personal_or_machine_absolute_path,HISTORICAL_PATH_REVIEW,DEFERRED_PUBLIC_PATH_CLEANUP
experiments/gate_12g_integrated_proxy_rollouts/logs/run.log,2731,personal_or_machine_absolute_path,HISTORICAL_PATH_REVIEW,DEFERRED_PUBLIC_PATH_CLEANUP
experiments/gate_12g_integrated_proxy_rollouts/logs/run.log,2741,personal_or_machine_absolute_path,HISTORICAL_PATH_REVIEW,DEFERRED_PUBLIC_PATH_CLEANUP
experiments/gate_12g_integrated_proxy_rollouts/logs/run.log,2796,personal_or_machine_absolute_path,HISTORICAL_PATH_REVIEW,DEFERRED_PUBLIC_PATH_CLEANUP
experiments/gate_12g_integrated_proxy_rollouts/logs/run.log,2806,personal_or_machine_absolute_path,HISTORICAL_PATH_REVIEW,DEFERRED_PUBLIC_PATH_CLEANUP
experiments/gate_12g_integrated_proxy_rollouts/logs/run.log,2861,personal_or_machine_absolute_path,HISTORICAL_PATH_REVIEW,DEFERRED_PUBLIC_PATH_CLEANUP
experiments/gate_12g_integrated_proxy_rollouts/logs/run.log,2871,personal_or_machine_absolute_path,HISTORICAL_PATH_REVIEW,DEFERRED_PUBLIC_PATH_CLEANUP
experiments/gate_12g_integrated_proxy_rollouts/logs/run.log,2926,personal_or_machine_absolute_path,HISTORICAL_PATH_REVIEW,DEFERRED_PUBLIC_PATH_CLEANUP
experiments/gate_12g_integrated_proxy_rollouts/logs/run.log,2936,personal_or_machine_absolute_path,HISTORICAL_PATH_REVIEW,DEFERRED_PUBLIC_PATH_CLEANUP
experiments/gate_12g_integrated_proxy_rollouts/logs/run.log,2991,personal_or_machine_absolute_path,HISTORICAL_PATH_REVIEW,DEFERRED_PUBLIC_PATH_CLEANUP
experiments/gate_12g_integrated_proxy_rollouts/logs/run.log,3001,personal_or_machine_absolute_path,HISTORICAL_PATH_REVIEW,DEFERRED_PUBLIC_PATH_CLEANUP
experiments/gate_12g_integrated_proxy_rollouts/logs/run.log,3056,personal_or_machine_absolute_path,HISTORICAL_PATH_REVIEW,DEFERRED_PUBLIC_PATH_CLEANUP
experiments/gate_12g_integrated_proxy_rollouts/logs/run.log,3066,personal_or_machine_absolute_path,HISTORICAL_PATH_REVIEW,DEFERRED_PUBLIC_PATH_CLEANUP
experiments/gate_12g_integrated_proxy_rollouts/logs/run.log,3121,personal_or_machine_absolute_path,HISTORICAL_PATH_REVIEW,DEFERRED_PUBLIC_PATH_CLEANUP
experiments/gate_12g_integrated_proxy_rollouts/logs/run.log,3131,personal_or_machine_absolute_path,HISTORICAL_PATH_REVIEW,DEFERRED_PUBLIC_PATH_CLEANUP
experiments/gate_12g_integrated_proxy_rollouts/logs/run.log,3186,personal_or_machine_absolute_path,HISTORICAL_PATH_REVIEW,DEFERRED_PUBLIC_PATH_CLEANUP
experiments/gate_12g_integrated_proxy_rollouts/logs/run.log,3196,personal_or_machine_absolute_path,HISTORICAL_PATH_REVIEW,DEFERRED_PUBLIC_PATH_CLEANUP
experiments/gate_12g_integrated_proxy_rollouts/logs/run.log,3251,personal_or_machine_absolute_path,HISTORICAL_PATH_REVIEW,DEFERRED_PUBLIC_PATH_CLEANUP
experiments/gate_12g_integrated_proxy_rollouts/logs/run.log,3261,personal_or_machine_absolute_path,HISTORICAL_PATH_REVIEW,DEFERRED_PUBLIC_PATH_CLEANUP
experiments/gate_12g_integrated_proxy_rollouts/logs/run.log,3316,personal_or_machine_absolute_path,HISTORICAL_PATH_REVIEW,DEFERRED_PUBLIC_PATH_CLEANUP
experiments/gate_12g_integrated_proxy_rollouts/logs/run.log,3326,personal_or_machine_absolute_path,HISTORICAL_PATH_REVIEW,DEFERRED_PUBLIC_PATH_CLEANUP
experiments/gate_12g_integrated_proxy_rollouts/logs/run.log,3381,personal_or_machine_absolute_path,HISTORICAL_PATH_REVIEW,DEFERRED_PUBLIC_PATH_CLEANUP
experiments/gate_12g_integrated_proxy_rollouts/logs/run.log,3391,personal_or_machine_absolute_path,HISTORICAL_PATH_REVIEW,DEFERRED_PUBLIC_PATH_CLEANUP
experiments/gate_12g_integrated_proxy_rollouts/logs/run.log,3446,personal_or_machine_absolute_path,HISTORICAL_PATH_REVIEW,DEFERRED_PUBLIC_PATH_CLEANUP
experiments/gate_12g_integrated_proxy_rollouts/logs/run.log,3456,personal_or_machine_absolute_path,HISTORICAL_PATH_REVIEW,DEFERRED_PUBLIC_PATH_CLEANUP
experiments/gate_12g_integrated_proxy_rollouts/logs/run.log,3511,personal_or_machine_absolute_path,HISTORICAL_PATH_REVIEW,DEFERRED_PUBLIC_PATH_CLEANUP
experiments/gate_12g_integrated_proxy_rollouts/logs/run.log,3521,personal_or_machine_absolute_path,HISTORICAL_PATH_REVIEW,DEFERRED_PUBLIC_PATH_CLEANUP
experiments/gate_12g_integrated_proxy_rollouts/logs/run.log,3576,personal_or_machine_absolute_path,HISTORICAL_PATH_REVIEW,DEFERRED_PUBLIC_PATH_CLEANUP
experiments/gate_12g_integrated_proxy_rollouts/logs/run.log,3586,personal_or_machine_absolute_path,HISTORICAL_PATH_REVIEW,DEFERRED_PUBLIC_PATH_CLEANUP
experiments/gate_12g_integrated_proxy_rollouts/logs/run.log,3641,personal_or_machine_absolute_path,HISTORICAL_PATH_REVIEW,DEFERRED_PUBLIC_PATH_CLEANUP
experiments/gate_12g_integrated_proxy_rollouts/logs/run.log,3651,personal_or_machine_absolute_path,HISTORICAL_PATH_REVIEW,DEFERRED_PUBLIC_PATH_CLEANUP
experiments/gate_12g_integrated_proxy_rollouts/logs/run.log,3706,personal_or_machine_absolute_path,HISTORICAL_PATH_REVIEW,DEFERRED_PUBLIC_PATH_CLEANUP
experiments/gate_12g_integrated_proxy_rollouts/logs/run.log,3716,personal_or_machine_absolute_path,HISTORICAL_PATH_REVIEW,DEFERRED_PUBLIC_PATH_CLEANUP
experiments/gate_12g_integrated_proxy_rollouts/logs/run.log,3771,personal_or_machine_absolute_path,HISTORICAL_PATH_REVIEW,DEFERRED_PUBLIC_PATH_CLEANUP
experiments/gate_12g_integrated_proxy_rollouts/logs/run.log,3781,personal_or_machine_absolute_path,HISTORICAL_PATH_REVIEW,DEFERRED_PUBLIC_PATH_CLEANUP
experiments/gate_12g_integrated_proxy_rollouts/logs/run.log,3836,personal_or_machine_absolute_path,HISTORICAL_PATH_REVIEW,DEFERRED_PUBLIC_PATH_CLEANUP
experiments/gate_12g_integrated_proxy_rollouts/logs/run.log,3846,personal_or_machine_absolute_path,HISTORICAL_PATH_REVIEW,DEFERRED_PUBLIC_PATH_CLEANUP
experiments/gate_12g_integrated_proxy_rollouts/logs/run.log,3901,personal_or_machine_absolute_path,HISTORICAL_PATH_REVIEW,DEFERRED_PUBLIC_PATH_CLEANUP
experiments/gate_13c_calibrated_confirmation/configs/calibrated_confirmation_run_config.yaml,13,personal_or_machine_absolute_path,HISTORICAL_PATH_REVIEW,DEFERRED_PUBLIC_PATH_CLEANUP
experiments/gate_13c_calibrated_confirmation/configs/calibrated_confirmation_run_config.yaml,14,personal_or_machine_absolute_path,HISTORICAL_PATH_REVIEW,DEFERRED_PUBLIC_PATH_CLEANUP
experiments/gate_13c_calibrated_confirmation/configs/calibrated_confirmation_run_config.yaml,15,personal_or_machine_absolute_path,HISTORICAL_PATH_REVIEW,DEFERRED_PUBLIC_PATH_CLEANUP
experiments/gate_14b_pozo_holdout_validation/logs/run.log,11,personal_or_machine_absolute_path,HISTORICAL_PATH_REVIEW,DEFERRED_PUBLIC_PATH_CLEANUP
experiments/gate_14b_pozo_holdout_validation/logs/run.log,66,personal_or_machine_absolute_path,HISTORICAL_PATH_REVIEW,DEFERRED_PUBLIC_PATH_CLEANUP
experiments/gate_14b_pozo_holdout_validation/logs/run.log,76,personal_or_machine_absolute_path,HISTORICAL_PATH_REVIEW,DEFERRED_PUBLIC_PATH_CLEANUP
experiments/gate_14b_pozo_holdout_validation/logs/run.log,131,personal_or_machine_absolute_path,HISTORICAL_PATH_REVIEW,DEFERRED_PUBLIC_PATH_CLEANUP
experiments/gate_14b_pozo_holdout_validation/logs/run.log,141,personal_or_machine_absolute_path,HISTORICAL_PATH_REVIEW,DEFERRED_PUBLIC_PATH_CLEANUP
experiments/gate_14b_pozo_holdout_validation/logs/run.log,196,personal_or_machine_absolute_path,HISTORICAL_PATH_REVIEW,DEFERRED_PUBLIC_PATH_CLEANUP
experiments/gate_14b_pozo_holdout_validation/logs/run.log,206,personal_or_machine_absolute_path,HISTORICAL_PATH_REVIEW,DEFERRED_PUBLIC_PATH_CLEANUP
experiments/gate_14b_pozo_holdout_validation/logs/run.log,261,personal_or_machine_absolute_path,HISTORICAL_PATH_REVIEW,DEFERRED_PUBLIC_PATH_CLEANUP
experiments/gate_14b_pozo_holdout_validation/logs/run.log,271,personal_or_machine_absolute_path,HISTORICAL_PATH_REVIEW,DEFERRED_PUBLIC_PATH_CLEANUP
experiments/gate_14b_pozo_holdout_validation/logs/run.log,326,personal_or_machine_absolute_path,HISTORICAL_PATH_REVIEW,DEFERRED_PUBLIC_PATH_CLEANUP
experiments/gate_14b_pozo_holdout_validation/logs/run.log,336,personal_or_machine_absolute_path,HISTORICAL_PATH_REVIEW,DEFERRED_PUBLIC_PATH_CLEANUP
experiments/gate_14b_pozo_holdout_validation/logs/run.log,391,personal_or_machine_absolute_path,HISTORICAL_PATH_REVIEW,DEFERRED_PUBLIC_PATH_CLEANUP
experiments/gate_14b_pozo_holdout_validation/logs/run.log,401,personal_or_machine_absolute_path,HISTORICAL_PATH_REVIEW,DEFERRED_PUBLIC_PATH_CLEANUP
experiments/gate_14b_pozo_holdout_validation/logs/run.log,456,personal_or_machine_absolute_path,HISTORICAL_PATH_REVIEW,DEFERRED_PUBLIC_PATH_CLEANUP
experiments/gate_14b_pozo_holdout_validation/logs/run.log,466,personal_or_machine_absolute_path,HISTORICAL_PATH_REVIEW,DEFERRED_PUBLIC_PATH_CLEANUP
experiments/gate_14b_pozo_holdout_validation/logs/run.log,521,personal_or_machine_absolute_path,HISTORICAL_PATH_REVIEW,DEFERRED_PUBLIC_PATH_CLEANUP
experiments/gate_14b_pozo_holdout_validation/logs/run.log,531,personal_or_machine_absolute_path,HISTORICAL_PATH_REVIEW,DEFERRED_PUBLIC_PATH_CLEANUP
experiments/gate_14b_pozo_holdout_validation/logs/run.log,586,personal_or_machine_absolute_path,HISTORICAL_PATH_REVIEW,DEFERRED_PUBLIC_PATH_CLEANUP
experiments/gate_14b_pozo_holdout_validation/logs/run.log,596,personal_or_machine_absolute_path,HISTORICAL_PATH_REVIEW,DEFERRED_PUBLIC_PATH_CLEANUP
experiments/gate_14b_pozo_holdout_validation/logs/run.log,651,personal_or_machine_absolute_path,HISTORICAL_PATH_REVIEW,DEFERRED_PUBLIC_PATH_CLEANUP
experiments/gate_14b_pozo_holdout_validation/logs/run.log,661,personal_or_machine_absolute_path,HISTORICAL_PATH_REVIEW,DEFERRED_PUBLIC_PATH_CLEANUP
experiments/gate_14b_pozo_holdout_validation/logs/run.log,716,personal_or_machine_absolute_path,HISTORICAL_PATH_REVIEW,DEFERRED_PUBLIC_PATH_CLEANUP
experiments/gate_14b_pozo_holdout_validation/logs/run.log,726,personal_or_machine_absolute_path,HISTORICAL_PATH_REVIEW,DEFERRED_PUBLIC_PATH_CLEANUP
experiments/gate_14b_pozo_holdout_validation/logs/run.log,781,personal_or_machine_absolute_path,HISTORICAL_PATH_REVIEW,DEFERRED_PUBLIC_PATH_CLEANUP
experiments/gate_21f_four_group_analysis/metrics/four_group_table.csv,3,personal_or_machine_absolute_path,HISTORICAL_PATH_REVIEW,DEFERRED_PUBLIC_PATH_CLEANUP
experiments/gate_21f_four_group_analysis/metrics/four_group_table.csv,5,personal_or_machine_absolute_path,HISTORICAL_PATH_REVIEW,DEFERRED_PUBLIC_PATH_CLEANUP
experiments/gate_21f_four_group_analysis/results/four_group_metrics.csv,3,personal_or_machine_absolute_path,HISTORICAL_PATH_REVIEW,DEFERRED_PUBLIC_PATH_CLEANUP
experiments/gate_21f_four_group_analysis/results/four_group_metrics.csv,5,personal_or_machine_absolute_path,HISTORICAL_PATH_REVIEW,DEFERRED_PUBLIC_PATH_CLEANUP
experiments/gate_24e_storage_probe/attempt_03/logs/storage_probe_attempt_03.log,9,personal_or_machine_absolute_path,HISTORICAL_PATH_REVIEW,DEFERRED_PUBLIC_PATH_CLEANUP
experiments/gate_24e_storage_probe/attempt_03/logs/storage_probe_attempt_03.log,15,personal_or_machine_absolute_path,HISTORICAL_PATH_REVIEW,DEFERRED_PUBLIC_PATH_CLEANUP
experiments/gate_24e_storage_probe/attempt_03/logs/storage_probe_attempt_03.log,18,personal_or_machine_absolute_path,HISTORICAL_PATH_REVIEW,DEFERRED_PUBLIC_PATH_CLEANUP
experiments/gate_24e_storage_probe/attempt_03/logs/storage_probe_attempt_03.log,21,personal_or_machine_absolute_path,HISTORICAL_PATH_REVIEW,DEFERRED_PUBLIC_PATH_CLEANUP
experiments/gate_24e_storage_probe/attempt_03/logs/storage_probe_attempt_03.log,24,personal_or_machine_absolute_path,HISTORICAL_PATH_REVIEW,DEFERRED_PUBLIC_PATH_CLEANUP
experiments/gate_24e_storage_probe/attempt_03/logs/storage_probe_attempt_03.log,27,personal_or_machine_absolute_path,HISTORICAL_PATH_REVIEW,DEFERRED_PUBLIC_PATH_CLEANUP
experiments/gate_24e_storage_probe/attempt_03/logs/storage_probe_attempt_03.log,31,personal_or_machine_absolute_path,HISTORICAL_PATH_REVIEW,DEFERRED_PUBLIC_PATH_CLEANUP
experiments/gate_24e_storage_probe/attempt_03/logs/storage_probe_attempt_03.log,36,personal_or_machine_absolute_path,HISTORICAL_PATH_REVIEW,DEFERRED_PUBLIC_PATH_CLEANUP
experiments/gate_24e_storage_probe/attempt_03/logs/storage_probe_attempt_03.log,39,personal_or_machine_absolute_path,HISTORICAL_PATH_REVIEW,DEFERRED_PUBLIC_PATH_CLEANUP
experiments/gate_24e_storage_probe/attempt_03/logs/storage_probe_attempt_03.log,42,personal_or_machine_absolute_path,HISTORICAL_PATH_REVIEW,DEFERRED_PUBLIC_PATH_CLEANUP
experiments/gate_24e_storage_probe/attempt_03/logs/storage_probe_attempt_03.log,45,personal_or_machine_absolute_path,HISTORICAL_PATH_REVIEW,DEFERRED_PUBLIC_PATH_CLEANUP
experiments/gate_24e_storage_probe/attempt_03/logs/storage_probe_attempt_03.log,48,personal_or_machine_absolute_path,HISTORICAL_PATH_REVIEW,DEFERRED_PUBLIC_PATH_CLEANUP
experiments/gate_24e_storage_probe/attempt_03/logs/storage_probe_attempt_03.log,50,personal_or_machine_absolute_path,HISTORICAL_PATH_REVIEW,DEFERRED_PUBLIC_PATH_CLEANUP
experiments/gate_24e_storage_probe/attempt_03/logs/storage_probe_attempt_03.log,53,personal_or_machine_absolute_path,HISTORICAL_PATH_REVIEW,DEFERRED_PUBLIC_PATH_CLEANUP
README.md,172,personal_or_machine_absolute_path,HISTORICAL_PATH_REVIEW,DEFERRED_PUBLIC_PATH_CLEANUP
scripts/prepare_gate24e_scientific_batch_plan.py,18,personal_or_machine_absolute_path,HISTORICAL_PATH_REVIEW,DEFERRED_PUBLIC_PATH_CLEANUP
scripts/prepare_gate24e_scientific_batch_plan.py,19,personal_or_machine_absolute_path,HISTORICAL_PATH_REVIEW,DEFERRED_PUBLIC_PATH_CLEANUP
scripts/prepare_gate24e_scientific_batch_plan.py,20,personal_or_machine_absolute_path,HISTORICAL_PATH_REVIEW,DEFERRED_PUBLIC_PATH_CLEANUP
scripts/prepare_gate24e_scientific_batch_plan.py,52,personal_or_machine_absolute_path,HISTORICAL_PATH_REVIEW,DEFERRED_PUBLIC_PATH_CLEANUP
scripts/run_gate24e_scientific_batch.py,48,personal_or_machine_absolute_path,HISTORICAL_PATH_REVIEW,DEFERRED_PUBLIC_PATH_CLEANUP
scripts/run_gate24e_scientific_batch.py,49,personal_or_machine_absolute_path,HISTORICAL_PATH_REVIEW,DEFERRED_PUBLIC_PATH_CLEANUP
scripts/run_gate26_riemensperger_full_completion.py,20,personal_or_machine_absolute_path,HISTORICAL_PATH_REVIEW,DEFERRED_PUBLIC_PATH_CLEANUP
scripts/run_gate26_riemensperger_full_completion.py,21,personal_or_machine_absolute_path,HISTORICAL_PATH_REVIEW,DEFERRED_PUBLIC_PATH_CLEANUP
scripts/run_gate26_riemensperger_full_completion.py,22,personal_or_machine_absolute_path,HISTORICAL_PATH_REVIEW,DEFERRED_PUBLIC_PATH_CLEANUP
